command,intent
scroll down,SCROLL_DOWN
Scroll down to scroll down.,SCROLL_DOWN
Scroll down to scroll down to scroll down.,SCROLL_DOWN
Scroll down to scroll down to scroll down,SCROLL_DOWN
Scroll down to scroll down scroll down .,SCROLL_DOWN
Scroll down to scroll down scroll down to scroll down.,SCROLL_DOWN
move the page down,SCROLL_DOWN
Move the page down to move the page down .,SCROLL_DOWN
Move the page down to move the page down,SCROLL_DOWN
Move the page down to move down the page .,SCROLL_DOWN
Move down the page to move the page down .,SCROLL_DOWN
Move the page down to move down the page.,SCROLL_DOWN
go down,SCROLL_DOWN
Go down and go down to go down.,SCROLL_DOWN
Go down and go down .,SCROLL_DOWN
Go down and go down to go down .,SCROLL_DOWN
Go down and go down the slopes go down.,SCROLL_DOWN
Go down and go down to go down the hill.,SCROLL_DOWN
scroll the screen down,SCROLL_DOWN
Scroll the screen down to scroll down the screen .,SCROLL_DOWN
Scroll the screen down to scroll down the screen.,SCROLL_DOWN
Scroll down the screen to scroll down the screen.,SCROLL_DOWN
Scroll down the screen to scroll the screen down .,SCROLL_DOWN
Scroll down the screen to scroll down the screen .,SCROLL_DOWN
take me lower,SCROLL_DOWN
Take me lower to take me down .,SCROLL_DOWN
Take me lower to take me down.,SCROLL_DOWN
Take me lower to take me lower,SCROLL_DOWN
Take me lower to take me down,SCROLL_DOWN
Take me lower to take me down !,SCROLL_DOWN
move down,SCROLL_DOWN
Move down to move down to move down.,SCROLL_DOWN
Move down to move down to move down,SCROLL_DOWN
Move down to move down the hill.,SCROLL_DOWN
Move down to move down,SCROLL_DOWN
Move down as you move down the hill to move down.,SCROLL_DOWN
page down,SCROLL_DOWN
Page down page down page down page down page down page down page down page down page down page down page down page down page down page down page down page down page down page down page down page down page down page down page down page down page down page down page down page down page down page down page down page down page down page down page down page down page down page down page down page down page down page down page down page down page down page down page down page down page down page,SCROLL_DOWN
Page down page down page down page down page down page down page down page down page down page down page down page down page down page down page down page down page down page down page down page down page down page down page down page down page down page down page down page down page down page down page down page down page down page down page down page down page down page down page down page down page down page down page down page down page down page down page,SCROLL_DOWN
Page down page down page down page down page down page down page down page down page down page down page down page down page down page down page down page down page down page down page down page down page down page down page down page down page down page down page down page down page down page down page down page down page down page down page down page down page down page down page down page down page down page down page down page down page down page down page down page,SCROLL_DOWN
Page down page down page down page down page down page down page down page down page down page down page down page down page down page down page down page down page down page down page down page down page down page down page down page down page down page down page down page down page down page down page down page down page down page down page down page down page down page down page down page down page down page down page down page down page down page,SCROLL_DOWN
Page down page down page down page down page down page down page down page down page down page down page down page down page down page down page down page down page down page down page down page down page down page down page down page down page down page down page down page down page down page down page down page down page down page down page down page down page down page down page down page down page down page down page down page down page,SCROLL_DOWN
slide down,SCROLL_DOWN
Slide down to slide down.,SCROLL_DOWN
Slide down and slide down as the slide slides down.,SCROLL_DOWN
Slide down slide down and slide down.,SCROLL_DOWN
Slide down slide down and slide down to slide down.,SCROLL_DOWN
Slide down to slide down the slide.,SCROLL_DOWN
go further down,SCROLL_DOWN
Go further down and go further down.,SCROLL_DOWN
"Further down, go further down.",SCROLL_DOWN
Go further down the road to go further down.,SCROLL_DOWN
Go further down and go further down .,SCROLL_DOWN
Go further down the road to go further down .,SCROLL_DOWN
bring the page lower,SCROLL_DOWN
Bring the page lower to bring the page down .,SCROLL_DOWN
Bring the page lower down .,SCROLL_DOWN
Bring the page lower to bring down the page .,SCROLL_DOWN
Bring the page lower to bring down the page,SCROLL_DOWN
Bring the page lower to bring the page lower.,SCROLL_DOWN
scroll up,SCROLL_UP
Scroll up and scroll up to scroll up.,SCROLL_UP
Scroll up and scroll up to scroll up,SCROLL_UP
Scroll up and scroll up to scroll up .,SCROLL_UP
Scroll up to scroll up,SCROLL_UP
Scroll up to scroll up to scroll up,SCROLL_UP
move the page up,SCROLL_UP
Move the page up the page to move the page up .,SCROLL_UP
Move the page up to move the page up.,SCROLL_UP
Move the page up the page to move the page up.,SCROLL_UP
Move the page up and move the page up .,SCROLL_UP
Move the page up and move the page up.,SCROLL_UP
go up,SCROLL_UP
Go up and go up.,SCROLL_UP
Go up to go up.,SCROLL_UP
Go up to go up to go up.,SCROLL_UP
Go up and go up to go up.,SCROLL_UP
Go up to go up to go up .,SCROLL_UP
scroll the screen up,SCROLL_UP
Scroll the screen up to scroll the screen up .,SCROLL_UP
Scrolling the screen up scrolls the screen up .,SCROLL_UP
Scroll the screen up to scroll the screen up,SCROLL_UP
Scroll the screen up to scroll up the screen .,SCROLL_UP
Scrolling the screen up scrolls the screen up.,SCROLL_UP
take me higher,SCROLL_UP
Takes me higher up to take me higher.,SCROLL_UP
Take me higher to take me up.,SCROLL_UP
Takes me higher up to take me up to .,SCROLL_UP
Takes me higher up to take me higher .,SCROLL_UP
Takes me higher up to take me up.,SCROLL_UP
move up,SCROLL_UP
Move up to move up.,SCROLL_UP
Move up to move up,SCROLL_UP
Move up and move up.,SCROLL_UP
Move up to move up to move up.,SCROLL_UP
Move up to move up to move up,SCROLL_UP
page up,SCROLL_UP
Page up page up page up page up page,SCROLL_UP
Page up page up page up page up page up,SCROLL_UP
Page up page up page up page up page up page,SCROLL_UP
Page up page up page up page up page up page up page,SCROLL_UP
Page up page up page up page up page up page up page up,SCROLL_UP
slide up,SCROLL_UP
Slide up and slide up.,SCROLL_UP
Slide up and slide up to slide up.,SCROLL_UP
Slide up and slide up as you slide up.,SCROLL_UP
Slide up and slide up to slide up,SCROLL_UP
Slide up and slide up,SCROLL_UP
go further up,SCROLL_UP
Go further up the hill and go further up the hill.,SCROLL_UP
Go further up and go further up.,SCROLL_UP
Go further up the hill and go further up.,SCROLL_UP
Go further up the hill and go further up the mountain.,SCROLL_UP
Go further up and go further up the mountain.,SCROLL_UP
bring the page higher,SCROLL_UP
Bring the page higher up the page.,SCROLL_UP
Bring the page higher up the page .,SCROLL_UP
Bring the page higher up the page,SCROLL_UP
Bring the page higher up on the page.,SCROLL_UP
Bring the page higher up to bring the page higher.,SCROLL_UP
read this,READ_SECTION
Read this:,READ_SECTION
Read this book to read this,READ_SECTION
Read this .,READ_SECTION
Read this book to read this .,READ_SECTION
Read this book to read this.,READ_SECTION
read the page,READ_SECTION
Read the page read the page,READ_SECTION
Read the page to read the page,READ_SECTION
Read the page from the page,READ_SECTION
Read the page to read the page .,READ_SECTION
Read the page read the page .,READ_SECTION
read aloud,READ_SECTION
Read aloud aloud aloud,READ_SECTION
Read aloud read aloud aloud,READ_SECTION
"Read aloud aloud , read aloud , read aloud",READ_SECTION
"Read aloud aloud aloud , read aloud",READ_SECTION
"Read aloud aloud , read aloud",READ_SECTION
read content,READ_SECTION
Read content content is read content .,READ_SECTION
Read content content read content,READ_SECTION
Read content content read content read content,READ_SECTION
Read content is read content .,READ_SECTION
Read content read content content read content,READ_SECTION
start reading,READ_SECTION
Start reading now!,READ_SECTION
Start reading the first time you start reading .,READ_SECTION
Start reading the first time you start reading.,READ_SECTION
Start reading the first time you start reading,READ_SECTION
Start reading and start reading!,READ_SECTION
read what’s on screen,READ_SECTION
Read what’s on the screen to read what’s on the screen .,READ_SECTION
Read what’s on the screen to read what’s on screen .,READ_SECTION
Read what’s on screen to read what’s on screen .,READ_SECTION
Read what’s on screen to read what’s on the screen .,READ_SECTION
Read what’s on screen to see what’s on screen .,READ_SECTION
speak this page,READ_SECTION
This page speaks this page,READ_SECTION
This page speaks about this page,READ_SECTION
This page speaks about this page .,READ_SECTION
This page speaks this page .,READ_SECTION
This page speaks this page.,READ_SECTION
narrate this,READ_SECTION
This narrates narrate .,READ_SECTION
Narrate this narrate .,READ_SECTION
Narrate this narrator .,READ_SECTION
This narrates narrate this,READ_SECTION
Narrate this narrate this,READ_SECTION
read text here,READ_SECTION
Read the text here .,READ_SECTION
Text here read here .,READ_SECTION
Read text here to read text here,READ_SECTION
Text here read here to read text here,READ_SECTION
Read text here to read here,READ_SECTION
tell me what’s written,READ_SECTION
Tell me what’s written.,READ_SECTION
Tell me what’s written and tell me what’s written,READ_SECTION
Tell me what’s written and tell me what’s written .,READ_SECTION
Tell me what’s written,READ_SECTION
Tell me what’s written and tell me what is written,READ_SECTION
refresh,REFRESH_PAGE
Refresh refresh refresh refresh refresh refresh refresh refresh refresh refresh refresh refresh refresh refresh refresh refresh refresh refresh refresh refresh refresh refresh refresh refresh refresh refresh refresh refresh refresh refresh refresh refresh refresh refresh refresh refresh refresh refresh refresh refresh refresh refresh refresh refresh refresh refresh refresh refresh refresh refresh refresh refresh refresh refresh refresh refresh refresh refresh refresh refresh refresh refresh refresh refresh refresh refresh refresh refresh refresh refresh refresh refresh refresh refresh refresh refresh refresh refresh refresh refresh refresh refresh refresh refresh refresh refresh,REFRESH_PAGE
Refresh refresh refresh refresh refresh refresh refresh refresh refresh refresh refresh refresh refresh refresh refresh refresh refresh refresh refresh refresh refresh refresh refresh refresh refresh refresh refresh refresh refresh refresh refresh refresh refresh refresh refresh refresh refresh refresh refresh refresh refresh refresh refresh refresh refresh refresh refresh refresh refresh refresh refresh refresh refresh refresh refresh refresh refresh refresh refresh refresh refresh refresh refresh refresh refresh refresh refresh refresh refresh refresh refresh refresh refresh refresh refresh refresh refresh refresh refresh refresh refresh refresh refresh refresh refresh refresh refresh,REFRESH_PAGE
Refresh refresh refresh refresh refresh refresh refresh refresh refresh refresh refresh refresh refresh refresh refresh refresh refresh refresh refresh refresh refresh refresh refresh refresh refresh refresh refresh refresh refresh refresh refresh refresh refresh refresh refresh refresh refresh refresh refresh refresh refresh refresh refresh refresh refresh refresh refresh refresh refresh refresh refresh refresh refresh refresh refresh refresh refresh refresh refresh refresh refresh refresh refresh refresh refresh refresh refresh refresh refresh refresh refresh refresh refresh refresh refresh refresh refresh refresh refresh refresh refresh refresh refresh refresh refresh refresh refresh refresh,REFRESH_PAGE
Refresh refresh refresh refresh refresh refresh refresh refresh refresh refresh refresh refresh refresh refresh refresh refresh refresh refresh refresh refresh refresh refresh refresh refresh refresh refresh refresh refresh refresh refresh refresh refresh refresh refresh refresh refresh refresh refresh refresh refresh refresh refresh refresh refresh refresh refresh refresh refresh refresh refresh refresh refresh refresh refresh refresh refresh refresh refresh refresh refresh refresh refresh refresh refresh refresh refresh refresh refresh refresh refresh refresh refresh refresh refresh refresh refresh refresh refresh refresh refresh refresh refresh refresh refresh refresh refresh refresh refresh refresh refresh refresh refresh refresh refresh refresh refresh refresh refresh,REFRESH_PAGE
Refresh refresh refresh refresh refresh refresh refresh refresh refresh refresh refresh refresh refresh refresh refresh refresh refresh refresh refresh refresh refresh refresh refresh refresh refresh refresh refresh refresh refresh refresh refresh refresh refresh refresh refresh refresh refresh refresh refresh refresh refresh refresh refresh refresh refresh refresh refresh refresh refresh refresh refresh refresh refresh refresh refresh refresh refresh refresh refresh refresh refresh refresh refresh refresh refresh refresh refresh refresh refresh refresh refresh refresh refresh refresh refresh refresh refresh refresh refresh refresh refresh refresh refresh refresh refresh refresh refresh refresh refresh,REFRESH_PAGE
reload page,REFRESH_PAGE
Reload page reload page,REFRESH_PAGE
Page reload page,REFRESH_PAGE
Page reload page reload page,REFRESH_PAGE
Reload page page,REFRESH_PAGE
Reload page reload page .,REFRESH_PAGE
reload this tab,REFRESH_PAGE
Reload this tab .,REFRESH_PAGE
Reload this tab to reload .,REFRESH_PAGE
Reload this tab if you reload this tab .,REFRESH_PAGE
Reload this tab to reload this tab .,REFRESH_PAGE
Reload this tab reload .,REFRESH_PAGE
refresh the site,REFRESH_PAGE
Refresh the site to refresh the site.,REFRESH_PAGE
Refresh the site to refresh the site,REFRESH_PAGE
Refresh the site to refresh the site .,REFRESH_PAGE
Refresh the site to refresh the site regularly.,REFRESH_PAGE
Refresh the site refresh the site,REFRESH_PAGE
reload now,REFRESH_PAGE
Reload now reload .,REFRESH_PAGE
Reload now .,REFRESH_PAGE
Reload now and reload .,REFRESH_PAGE
Reload now reload,REFRESH_PAGE
Reload now.,REFRESH_PAGE
restart the page,REFRESH_PAGE
Start the page to restart the page,REFRESH_PAGE
The page restarts the page when the page is restarted .,REFRESH_PAGE
The page restarts the page when the page is restarted,REFRESH_PAGE
Start the page to restart the page.,REFRESH_PAGE
The page restarts the page when the page is restarted.,REFRESH_PAGE
update the page,REFRESH_PAGE
Update the page to update the page,REFRESH_PAGE
Update the page to update the page .,REFRESH_PAGE
Update the page update the page,REFRESH_PAGE
Update the page to update the page.,REFRESH_PAGE
Update the page update the page .,REFRESH_PAGE
reload browser,REFRESH_PAGE
Reload browser - Browser - Reload -,REFRESH_PAGE
Reload Browser - Browser - Reload -,REFRESH_PAGE
Reload browser to reload .,REFRESH_PAGE
Reload browser to reload browser,REFRESH_PAGE
Reload browser - Browser - Reload - Browser,REFRESH_PAGE
refresh screen,REFRESH_PAGE
Refresh screen refresh screen refresh screen refresh screen refresh screen refresh screen refresh screen refresh screen refresh screen refresh screen refresh screen refresh screen refresh screen refresh screen refresh screen refresh screen refresh screen refresh screen refresh screen refresh screen refresh screen refresh screen refresh screen refresh screen refresh screen refresh screen refresh screen refresh screen refresh screen refresh screen refresh screen refresh screen refresh screen refresh screen refresh screen refresh screen refresh screen refresh screen refresh screen refresh screen refresh screen refresh screen refresh screen refresh screen refresh screen refresh screen refresh screen refresh screen refresh screen refresh,REFRESH_PAGE
Refresh screen refresh screen refresh screen refresh screen refresh screen refresh screen refresh screen refresh screen refresh screen refresh screen refresh screen refresh screen refresh screen refresh screen refresh screen refresh screen refresh screen refresh screen refresh screen refresh screen refresh screen refresh screen refresh screen refresh screen refresh screen refresh screen refresh screen refresh screen refresh screen refresh screen refresh screen refresh screen refresh screen refresh screen refresh screen refresh screen refresh screen refresh screen refresh screen refresh screen refresh screen refresh screen refresh screen refresh screen refresh screen refresh screen refresh screen refresh screen refresh screen refresh screen refresh,REFRESH_PAGE
Refresh screen refresh screen refresh screen refresh screen refresh screen refresh screen refresh screen refresh screen refresh screen refresh screen refresh screen refresh screen refresh screen refresh screen refresh screen refresh screen refresh screen refresh screen refresh screen refresh screen refresh screen refresh screen refresh screen refresh screen refresh screen refresh screen refresh screen refresh screen refresh screen refresh screen refresh screen refresh screen refresh screen refresh screen refresh screen refresh screen refresh screen refresh screen refresh screen refresh screen refresh screen refresh screen refresh screen refresh screen refresh screen refresh screen refresh screen refresh screen refresh screen refresh screen refresh screen refresh,REFRESH_PAGE
Refresh screen refresh screen refresh screen refresh screen refresh screen refresh screen refresh screen refresh screen refresh screen refresh screen refresh screen refresh screen refresh screen refresh screen refresh screen refresh screen refresh screen refresh screen refresh screen refresh screen refresh screen refresh screen refresh screen refresh screen refresh screen refresh screen refresh screen refresh screen refresh screen refresh screen refresh screen refresh screen refresh screen refresh screen refresh screen refresh screen refresh screen refresh screen refresh screen refresh screen refresh screen refresh screen refresh screen refresh screen refresh screen refresh screen refresh screen refresh screen refresh screen refresh screen refresh screen refresh screen refresh,REFRESH_PAGE
Refresh screen refresh screen refresh screen refresh screen refresh screen refresh screen refresh screen refresh screen refresh screen refresh screen refresh screen refresh screen refresh screen refresh screen refresh screen refresh screen refresh screen refresh screen refresh screen refresh screen refresh screen refresh screen refresh screen refresh screen refresh screen refresh screen refresh screen refresh screen refresh screen refresh screen refresh screen refresh screen refresh screen refresh screen refresh screen refresh screen refresh screen refresh screen refresh screen refresh screen refresh screen refresh screen refresh screen refresh screen refresh screen refresh screen refresh screen refresh screen refresh screen refresh screen refresh screen refresh screen refresh screen refresh,REFRESH_PAGE
refresh this site,REFRESH_PAGE
This site is refreshed to refresh this site .,REFRESH_PAGE
This site is refreshed to refresh this site.,REFRESH_PAGE
Refresh this site to refresh this site .,REFRESH_PAGE
Refresh this site to refresh this site.,REFRESH_PAGE
This site is refreshed to refresh this site,REFRESH_PAGE
open new tab,NEW_TAB
New tab open new tab,NEW_TAB
New tab open tab open tab open tab open tab open tab open tab,NEW_TAB
New tab open tab open tab open tab open tab open tab,NEW_TAB
New tab open tab open tab open tab open new tab open tab,NEW_TAB
New tab open tab open tab open tab open new tab,NEW_TAB
make a new tab,NEW_TAB
Make a new tab in a new tab .,NEW_TAB
Make a new tab a new tab .,NEW_TAB
Make a new tab a new tab.,NEW_TAB
Make a new tab a new tab,NEW_TAB
Make a new tab on a new tab .,NEW_TAB
create new tab,NEW_TAB
Create new tab create new tab,NEW_TAB
Create a new tab create new tab,NEW_TAB
Create a new tab tab create new tab,NEW_TAB
Create a new tab to create new tab,NEW_TAB
Create a new tab tab Create new tab,NEW_TAB
start another tab,NEW_TAB
Start another tab to start another tab,NEW_TAB
Start another tab tab,NEW_TAB
Start another tab to start another tab .,NEW_TAB
Start another tab to start another tab.,NEW_TAB
Start another tab to start a new tab,NEW_TAB
new tab please,NEW_TAB
Please click on a new tab please click on a new tab please,NEW_TAB
Please click on a new tab please click on a new tab please .,NEW_TAB
Please click on a new tab please.,NEW_TAB
"Please click on a new tab please, please click on a new tab please.",NEW_TAB
"Please click on a new tab please, please click on a new tab please",NEW_TAB
add a tab,NEW_TAB
Add a tab to add a tab,NEW_TAB
Add a tab to add a tab .,NEW_TAB
Add a tab add a tab,NEW_TAB
Add a tab to add a tab to the tab .,NEW_TAB
Add a tab to add a tab to the tab.,NEW_TAB
launch a new tab,NEW_TAB
Launch a new tab launch a new tab,NEW_TAB
Launch a new tab to launch a new tab .,NEW_TAB
Launch a new tab launch a new tab .,NEW_TAB
Launch a new tab from a new tab .,NEW_TAB
Launch a new tab a new tab .,NEW_TAB
open fresh tab,NEW_TAB
Fresh tab open fresh tab open fresh tab,NEW_TAB
Open fresh tab open fresh tab,NEW_TAB
Open fresh tab fresh tab open fresh tab,NEW_TAB
Fresh tab open fresh tab open tab,NEW_TAB
Fresh tab open fresh tab,NEW_TAB
create another tab,NEW_TAB
Create another tab to create another tab,NEW_TAB
Create another tab create another tab,NEW_TAB
Create another tab to create another tab .,NEW_TAB
Create another tab to create another tab.,NEW_TAB
Create another tab create another tab tab,NEW_TAB
one more tab,NEW_TAB
One more tab tab,NEW_TAB
One more tab tab one more tab,NEW_TAB
One more tab tab is one more tab,NEW_TAB
One more tab tab is one more tab tab,NEW_TAB
One more tab tab.,NEW_TAB
close tab,CLOSE_TAB
Close tab Close tab Close tab Close tab Close tab Close tab Close tab Close tab Close tab Close tab Close tab Close tab Close tab Close tab Close tab Close tab Close tab Close tab Close tab Close tab Close tab Close tab Close tab Close tab Close tab Close tab Close tab Close tab Close tab Close tab Close tab Close tab Close tab Close tab Close tab Close tab Close tab Close tab Close tab Close tab Close tab Close tab Close tab Close tab Close tab Close tab Close tab Close tab Close tab,CLOSE_TAB
Close tab Close tab Close tab Close tab Close tab Close tab Close tab Close tab Close tab Close tab Close tab Close tab Close tab Close tab Close tab Close tab Close tab Close tab Close tab Close tab Close tab Close tab Close tab Close tab Close tab Close tab Close tab Close tab Close tab Close tab Close tab Close tab Close tab Close tab Close tab Close tab Close tab Close tab Close tab Close tab Close tab Close tab Close tab Close tab Close tab Close tab Close tab Close tab Close tab Close tab,CLOSE_TAB
Close tab Close tab Close tab Close tab Close tab Close tab Close tab Close tab Close tab Close tab Close tab Close tab Close tab Close tab Close tab Close tab Close tab Close tab Close tab Close tab Close tab Close tab Close tab Close tab Close tab Close tab Close tab Close tab Close tab Close tab Close tab Close tab Close tab Close tab Close tab Close tab Close tab Close tab Close tab Close tab Close tab Close tab Close tab Close tab Close tab Close tab Close tab Close tab,CLOSE_TAB
Close tab Close tab Close tab Close tab Close tab Close tab Close tab Close tab Close tab Close tab Close tab Close tab Close tab Close tab Close tab Close tab Close tab Close tab Close tab Close tab Close tab Close tab Close tab Close tab Close tab Close tab Close tab Close tab Close tab Close tab Close tab Close tab Close tab Close tab Close tab Close tab Close tab Close tab Close tab Close tab Close tab Close tab Close tab Close tab Close tab Close tab Close tab,CLOSE_TAB
Close tab Close tab Close tab Close tab Close tab Close tab Close tab Close tab Close tab Close tab Close tab Close tab Close tab Close tab Close tab Close tab Close tab Close tab Close tab Close tab Close tab Close tab Close tab Close tab Close tab Close tab Close tab Close tab Close tab Close tab Close tab Close tab Close tab Close tab Close tab Close tab Close tab Close tab Close tab Close tab Close tab Close tab Close tab Close tab Close tab Close tab Close tab Close tab Close tab Close tab Close tab,CLOSE_TAB
close this tab,CLOSE_TAB
Close this tab close this tab,CLOSE_TAB
Close this tab to close this tab,CLOSE_TAB
Close this tab tab,CLOSE_TAB
Close this tab,CLOSE_TAB
Close this tab Close this tab,CLOSE_TAB
shut this tab,CLOSE_TAB
This tab has been closed this tab .,CLOSE_TAB
This tab has been closed this tab.,CLOSE_TAB
This tab is closed this tab,CLOSE_TAB
This tab has been closed this tab,CLOSE_TAB
This tab is closed this tab.,CLOSE_TAB
remove tab,CLOSE_TAB
Remove tab tab remove tab,CLOSE_TAB
Remove tab tab remove tab remove tab,CLOSE_TAB
Remove tab tab to remove tab,CLOSE_TAB
Remove tab remove tab Remove tab,CLOSE_TAB
Remove tab remove tab tab remove tab,CLOSE_TAB
end tab,CLOSE_TAB
End tab end tab end tab end tab end tab end tab end tab end tab end tab end tab end tab end tab end tab end tab end tab end tab end tab end tab end tab end tab end tab end tab end tab end tab end tab end tab end tab end tab end tab end tab end tab end tab end tab end tab end tab end tab end tab end tab end tab end tab end tab end tab end tab end tab end tab end tab end tab end tab end tab end tab end tab end tab end tab end tab end tab end tab end,CLOSE_TAB
End tab end tab end tab end tab end tab end tab end tab end tab end tab end tab end tab end tab end tab end tab end tab end tab end tab end tab end tab end tab end tab end tab end tab end tab end tab end tab end tab end tab end tab end tab end tab end tab end tab end tab end tab end tab end tab end tab end tab end tab end tab end tab end tab end tab end tab end tab end tab end tab end tab end tab end tab end tab end tab end tab end tab end tab,CLOSE_TAB
End tab end tab end tab end tab end tab end tab end tab end tab end tab end tab end tab end tab end tab end tab end tab end tab end tab end tab end tab end tab end tab end tab end tab end tab end tab end tab end tab end tab end tab end tab end tab end tab end tab end tab end tab end tab end tab end tab end tab end tab end tab end tab end tab end tab end tab end tab end tab end tab end tab end tab end tab end tab end tab end tab end tab,CLOSE_TAB
End tab end tab end tab end tab end tab end tab end tab end tab end tab end tab end tab end tab end tab end tab end tab end tab end tab end tab end tab end tab end tab end tab end tab end tab end tab end tab end tab end tab end tab end tab end tab end tab end tab end tab end tab end tab end tab end tab end tab end tab end tab end tab end tab end tab end tab end tab end tab end tab end tab end tab end tab end tab end tab end tab,CLOSE_TAB
End tab end tab end tab end tab end tab end tab end tab end tab end tab end tab end tab end tab end tab end tab end tab end tab end tab end tab end tab end tab end tab end tab end tab end tab end tab end tab end tab end tab end tab end tab end tab end tab end tab end tab end tab end tab end tab end tab end tab end tab end tab end tab end tab end tab end tab end tab end tab end tab end tab end tab end tab end tab end tab,CLOSE_TAB
kill this tab,CLOSE_TAB
Kill this tab kill this tab,CLOSE_TAB
Kill this tab tab kill this tab,CLOSE_TAB
Kill this tab kill this tab.,CLOSE_TAB
Kill this tab kill this tab .,CLOSE_TAB
Kill this tab Kill this tab,CLOSE_TAB
close the current tab,CLOSE_TAB
Close the current tab tab,CLOSE_TAB
Close the current tab tab and close the current tab .,CLOSE_TAB
Close the current tab tab and close the current tab,CLOSE_TAB
Close the current tab tab and close the current tab.,CLOSE_TAB
Close the current tab and close the current tab,CLOSE_TAB
exit tab,CLOSE_TAB
Tab exit tab exit tab exit tab exit tab exit tab exit tab exit tab exit tab exit tab exit tab exit tab exit tab exit tab exit tab exit tab exit tab exit tab exit tab exit tab exit tab exit tab exit tab exit tab exit tab exit tab exit tab exit tab exit tab exit tab exit tab exit tab exit tab exit tab exit tab exit tab exit tab exit tab exit tab exit tab exit tab exit tab exit tab exit tab exit tab exit tab exit tab exit tab exit tab exit tab exit tab exit tab exit tab exit tab exit tab exit tab exit tab,CLOSE_TAB
Tab exit tab exit tab exit tab exit tab exit tab exit tab exit tab exit tab exit tab exit tab exit tab exit tab exit tab exit tab exit tab exit tab exit tab exit tab exit tab exit tab exit tab exit tab exit tab exit tab exit tab exit tab exit tab exit tab exit tab exit tab exit tab exit tab exit tab exit tab exit tab exit tab exit tab exit tab exit tab,CLOSE_TAB
Tab exit tab exit tab exit tab exit tab exit tab exit tab exit tab exit tab exit tab exit tab exit tab exit tab exit tab exit tab exit tab exit tab exit tab exit tab exit tab exit tab exit tab exit tab exit tab exit tab exit tab exit tab exit tab exit tab exit tab exit tab exit tab exit tab exit tab exit tab exit tab exit tab exit tab exit tab exit tab exit tab,CLOSE_TAB
Tab exit tab exit tab exit tab exit tab exit tab exit tab exit tab exit tab exit tab exit tab exit tab exit tab exit tab exit tab exit tab exit tab exit tab exit tab exit tab exit tab exit tab exit tab exit tab exit tab exit tab exit tab exit tab exit tab exit tab exit tab exit tab exit tab exit tab exit tab exit tab exit tab exit tab exit tab exit tab exit tab exit tab,CLOSE_TAB
Tab exit tab exit tab exit tab exit tab exit tab exit tab exit tab exit tab exit tab exit tab exit tab exit tab exit tab exit tab exit tab exit tab exit tab exit tab exit tab exit tab exit tab exit tab exit tab exit tab exit tab exit tab exit tab exit tab exit tab exit tab exit tab exit tab exit tab exit tab exit tab exit tab exit tab exit tab exit tab exit tab exit tab exit tab exit tab exit tab,CLOSE_TAB
shut it down,CLOSE_TAB
It shut it down and shut it down.,CLOSE_TAB
It shuts it down by shutting it down.,CLOSE_TAB
It shuts it down by shutting it down .,CLOSE_TAB
It shut it down and shut it down again.,CLOSE_TAB
It shuts it down when it shuts it down.,CLOSE_TAB
close browser tab,CLOSE_TAB
Close browser tab tab,CLOSE_TAB
Close browser tab tab Close browser tab,CLOSE_TAB
Close browser tab to close tab,CLOSE_TAB
Close browser tab close tab,CLOSE_TAB
Close browser tab tab close browser tab,CLOSE_TAB
next tab,NEXT_TAB
Next tab is the next tab tab,NEXT_TAB
Next tab is the next tab.,NEXT_TAB
Next tab is next tab,NEXT_TAB
Next tab next tab next tab next tab,NEXT_TAB
Next tab next tab next tab,NEXT_TAB
go to next tab,NEXT_TAB
Go to next tab and go to the next tab .,NEXT_TAB
Go to the next tab tab,NEXT_TAB
Go to the next tab tab .,NEXT_TAB
Go to the next tab tab.,NEXT_TAB
Go to next tab and go to the next tab.,NEXT_TAB
move to the right tab,NEXT_TAB
Move to the right tab and move to the right tab,NEXT_TAB
Move to the right tab and move to the right tab .,NEXT_TAB
Move to the right tab and move to the right tab.,NEXT_TAB
Move the right tab to the right tab,NEXT_TAB
Move to the right tab and move to the right tab ,NEXT_TAB
switch to next tab,NEXT_TAB
Switch to next tab switch to next tab,NEXT_TAB
Switch to the next tab to switch to the next tab,NEXT_TAB
Switch to next tab to switch to the next tab .,NEXT_TAB
Switch to next tab to switch to next tab .,NEXT_TAB
Switch to the next tab to switch to the next tab .,NEXT_TAB
show next tab,NEXT_TAB
Next tab show next tab,NEXT_TAB
Next tab shows next tab,NEXT_TAB
Next tab shows next tab .,NEXT_TAB
Next tab show next tab shows,NEXT_TAB
Next tab will show next tab,NEXT_TAB
forward tab,NEXT_TAB
Forward tab forward tab forward tab forward tab forward tab forward tab forward tab forward tab forward tab forward tab forward tab forward tab forward tab forward tab forward tab forward tab forward tab forward tab forward tab forward tab forward tab forward tab forward tab forward tab forward tab forward tab forward tab forward tab forward tab forward tab forward tab forward tab forward tab forward tab forward tab forward tab forward tab forward tab forward tab forward tab forward tab forward tab forward tab forward tab forward tab forward tab forward tab forward tab forward tab forward tab forward tab forward tab forward tab forward tab forward tab forward tab forward,NEXT_TAB
Forward tab forward tab forward tab forward tab forward tab forward tab forward tab forward tab forward tab forward tab forward tab forward tab forward tab forward tab forward tab forward tab forward tab forward tab forward tab forward tab forward tab forward tab forward tab forward tab forward tab forward tab forward tab forward tab forward tab forward tab forward tab forward tab forward tab forward tab forward tab forward tab forward tab forward tab forward tab forward tab forward tab forward tab forward tab forward tab forward tab forward tab forward tab forward tab forward tab forward tab forward tab forward tab,NEXT_TAB
Forward tab forward tab forward tab forward tab forward tab forward tab forward tab forward tab forward tab forward tab forward tab forward tab forward tab forward tab forward tab forward tab forward tab forward tab forward tab forward tab forward tab forward tab forward tab forward tab forward tab forward tab forward tab forward tab forward tab forward tab forward tab forward tab forward tab forward tab forward tab forward tab forward tab forward tab forward tab forward tab forward tab forward tab forward tab forward tab forward tab forward tab forward tab forward tab forward tab forward tab forward tab forward tab forward tab forward tab forward tab,NEXT_TAB
Forward tab forward tab forward tab forward tab forward tab forward tab forward tab forward tab forward tab forward tab forward tab forward tab forward tab forward tab forward tab forward tab forward tab forward tab forward tab forward tab forward tab forward tab forward tab forward tab forward tab forward tab forward tab forward tab forward tab forward tab forward tab forward tab forward tab forward tab forward tab forward tab forward tab forward tab forward tab forward tab forward tab forward tab forward tab forward tab forward tab forward tab forward tab forward tab forward tab forward tab forward tab,NEXT_TAB
Forward tab forward tab forward tab forward tab forward tab forward tab forward tab forward tab forward tab forward tab forward tab forward tab forward tab forward tab forward tab forward tab forward tab forward tab forward tab forward tab forward tab forward tab forward tab forward tab forward tab forward tab forward tab forward tab forward tab forward tab forward tab forward tab forward tab forward tab forward tab forward tab forward tab forward tab forward tab forward tab forward tab forward tab forward tab forward tab forward tab forward tab forward tab forward tab forward tab forward tab forward tab forward tab forward tab,NEXT_TAB
right tab,NEXT_TAB
Right Tab - Right Tab - Tab - Tab - Tab - Tab - Tab - Tab - Tab - Tab - Tab - Tab - Tab - Tab - Tab - Tab - Tab - Tab - Tab - Tab - Tab - Tab - Tab - Tab - Tab - Tab - Tab - Tab - Tab - Tab - Tab - Tab - Tab - Tab - Tab - Tab - Tab -,NEXT_TAB
Right Tab - Right Tab - Tab - Right Tab - Tab - Tab - Tab - Tab - Tab - Tab - Tab - Tab - Tab - Tab - Tab - Tab - Tab - Tab - Tab - Tab - Tab - Tab - Tab - Tab - Tab - Tab - Tab - Tab - Tab - Tab - Tab - Tab - Tab - Tab - Tab - Tab - Tab ,NEXT_TAB
Right Tab - Right Tab - Right Tab - Right Tab - Tab - Tab - Tab - Tab - Tab - Tab - Tab - Tab - Tab - Tab - Tab - Tab - Tab - Tab - Tab - Tab - Tab - Tab - Tab - Tab - Tab - Tab - Tab - Tab - Tab - Tab - Tab - Tab - Tab - Tab - Tab - Tab - Tab,NEXT_TAB
Right Tab - Right Tab - Right Tab - Right Tab - Right Tab - Right Tab - Right Tab - Right Tab - Right Tab - Right Tab - Right Tab - Right Tab - Right Tab - Right Tab - Right Tab - Right Tab - Right Tab - Right Tab - Right Tab - Right Tab - Right Tab - Right Tab - Right Tab - Right Tab - Right Tab - Right Tab - Right Tab - Right Tab - Right,NEXT_TAB
Right Tab - Right Tab - Tab - Tab - Tab - Tab - Tab - Tab - Tab - Tab - Tab - Tab - Tab - Tab - Tab - Tab - Tab - Tab - Tab - Tab - Tab - Tab - Tab - Tab - Tab - Tab - Tab - Tab - Tab - Tab - Tab - Tab - Tab - Tab - Tab - Tab - Tab,NEXT_TAB
next please,NEXT_TAB
Please next please please follow the next please .,NEXT_TAB
Please next please please click next please .,NEXT_TAB
Please next please please click next .,NEXT_TAB
Please next please please follow the next please please .,NEXT_TAB
Please next please please follow the next please please.,NEXT_TAB
change to next tab,NEXT_TAB
Change to next tab to next tab,NEXT_TAB
Change to next tab to next tab .,NEXT_TAB
Change to next tab to next tab change to next tab,NEXT_TAB
Change to next tab to change to the next tab,NEXT_TAB
Change to next tab to next tab change to next tab .,NEXT_TAB
open next one,NEXT_TAB
Next one is open next one open next one.,NEXT_TAB
Next one is open next one open next one,NEXT_TAB
Next one is open next to open one.,NEXT_TAB
Next one is open next to open one .,NEXT_TAB
Next one is open next one open next one open next one,NEXT_TAB
previous tab,PREVIOUS_TAB
Tabs previous tabs previous tabs previous tabs,PREVIOUS_TAB
Tabs previous tabs previous tabs,PREVIOUS_TAB
Tabs Previous Tab Previous Tab,PREVIOUS_TAB
Tabs previous tabs previous tabs previous tab,PREVIOUS_TAB
Tabs Previous Tab Previous Tab Previous Tab Previous Tab,PREVIOUS_TAB
go back a tab,PREVIOUS_TAB
Go back a tab a tab,PREVIOUS_TAB
Go back a tab .,PREVIOUS_TAB
Go back to a tab a tab,PREVIOUS_TAB
Go back a tab a tab.,PREVIOUS_TAB
Go back to a tab .,PREVIOUS_TAB
last tab,PREVIOUS_TAB
Last tab last tab last tab last tab last tab last tab last tab last tab last tab last tab last tab last tab last tab last tab last tab last tab last tab last tab last tab last tab,PREVIOUS_TAB
Last tab last tab last tab last tab last tab last tab last tab last tab last tab last tab last tab last tab last tab last tab last tab last tab last tab last tab last tab last tab last tab last tab last tab,PREVIOUS_TAB
Last tab last tab last tab last tab last tab last tab last tab last tab last tab last tab last tab last tab last tab last tab last tab last tab last tab last tab last tab last tab last tab,PREVIOUS_TAB
Last tab last tab last tab last tab last tab last tab last tab last tab last tab last tab last tab last tab last tab last tab last tab last tab last tab last tab,PREVIOUS_TAB
Last tab last tab last tab last tab last tab last tab last tab last tab last tab last tab last tab last tab last tab last tab last tab last tab last tab last tab last tab,PREVIOUS_TAB
left tab,PREVIOUS_TAB
Tab left tab left tab left tab left tab left tab left tab left tab left tab left tab left tab left tab left tab left tab left tab left tab left tab left tab left tab left tab left tab left tab left tab left tab left tab left tab left tab left tab left tab left tab left tab left tab left tab left tab left tab left tab left tab left tab left tab left tab left tab left tab left tab left tab left tab left tab left tab left tab left tab left tab left tab left tab left tab left tab left tab left tab left tab,PREVIOUS_TAB
Left tab left tab left tab left tab left tab left tab left tab left tab left tab left tab left tab left tab left tab left tab left tab left tab left tab left tab left tab left tab left tab left tab left tab left tab left tab left tab left tab left tab left tab left tab left tab left tab left tab left tab left tab left tab left tab left tab left tab left tab left tab left tab left tab left tab left tab left tab left tab left tab left tab left tab left tab left tab left tab left tab left tab left tab left,PREVIOUS_TAB
Left Tab left tab left tab left tab left tab left tab left tab left tab left tab left tab left tab left tab left tab left tab left tab left tab left tab left tab left tab left tab left tab left tab left tab left tab left tab left tab left tab left tab left tab left tab left tab left tab left tab left tab left tab left tab left tab left tab left tab left tab left tab left tab left tab left tab left tab left tab left tab left tab left tab left tab left tab left tab left tab left tab left tab left tab left,PREVIOUS_TAB
Tab left tab left tab left tab left tab left tab left tab left tab left tab left tab left tab left tab left tab left tab left tab left tab left tab left tab left tab left tab left tab left tab left tab left tab left tab left tab left tab left tab left tab left tab left tab left tab left tab left tab left tab left tab left tab left tab left tab left tab left tab left tab left tab left tab left tab left tab left tab left tab left tab left tab left tab left tab left tab left tab left tab left tab,PREVIOUS_TAB
Tab left tab left tab left tab left tab left tab left tab left tab left tab left tab left tab left tab left tab left tab left tab left tab left tab left tab left tab left tab left tab left tab left tab left tab left tab left tab left tab left tab left tab left tab left tab left tab left tab left tab left tab left tab left tab left tab left tab left tab left tab left tab left tab left tab left tab left tab left tab left tab left tab left tab left tab left tab left tab left tab,PREVIOUS_TAB
switch to previous tab,PREVIOUS_TAB
Switch to previous tab to switch to previous tab,PREVIOUS_TAB
Switch to previous tab switch to previous tab,PREVIOUS_TAB
Switch to the previous tab switch to the previous tab,PREVIOUS_TAB
Switch to the previous tab switch to previous tab,PREVIOUS_TAB
Switch to previous tab to switch to previous tab .,PREVIOUS_TAB
go to earlier tab,PREVIOUS_TAB
Go to the earlier tab tab,PREVIOUS_TAB
Go to the earlier tab tab .,PREVIOUS_TAB
Go to the earlier tab tab.,PREVIOUS_TAB
Go to the earlier tab.,PREVIOUS_TAB
Go to the earlier tab .,PREVIOUS_TAB
back one tab,PREVIOUS_TAB
One tab back one tab back one tab,PREVIOUS_TAB
One tab back one tab back one tab back one tab,PREVIOUS_TAB
One tab back one tab back one tab back,PREVIOUS_TAB
One tab back one tab back one tab back one tab back,PREVIOUS_TAB
One tab back one tab,PREVIOUS_TAB
show last tab,PREVIOUS_TAB
Show last tab show last tab,PREVIOUS_TAB
Show last tab last tab show last tab,PREVIOUS_TAB
Show last tab last tab,PREVIOUS_TAB
Last tab shows last tab,PREVIOUS_TAB
Show last tab show last tab show,PREVIOUS_TAB
move left tab,PREVIOUS_TAB
Move left tab left tab,PREVIOUS_TAB
Move left tab to the left tab,PREVIOUS_TAB
Move left tab tab left tab,PREVIOUS_TAB
Move left tab left tab left tab,PREVIOUS_TAB
Move left tab to right tab,PREVIOUS_TAB
previous please,PREVIOUS_TAB
Previous please refer to the previous please .,PREVIOUS_TAB
Previous please refer to the previous please.,PREVIOUS_TAB
Previous please refer to the previous please,PREVIOUS_TAB
Previous please refer to the previous please :,PREVIOUS_TAB
Previous please refer to the previous please -,PREVIOUS_TAB
go back,GO_BACK
Go back to go back to go back to go back to go back to go back to go back to go back to go back to go back to go back to go back to go back to go back to go back to go back to go back to go back to go back to go back to go back to go back to go back to go back to go back to go back to go back to go back to go back to go back to go back to go back to go back to go back to go back to go back to go back to go back,GO_BACK
Go back to go back to go back to go back to go back to go back to go back to go back to go back to go back to go back to go back to go back to go back to go back to go back to go back to go back to go back to go back to go back to go back to go back to go back to go back to go back to go back to go back to go back to go back to go back to go back back to go back to go back to go back to go back to go back to go,GO_BACK
Go back to go back to go back to go back to go back to go back to go back to go back to go back to go back to go back to go back to go back to go back to go back to go back to go back to go back to go back to go back to go back to go back to go back to go back to go back to go back to go back to go back to go back to go back to go back to go back to go back to go back to go back to go back to go back home to go,GO_BACK
Go back to go back to go back to go back to go back to go back to go back to go back to go back to go back to go back to go back to go back to go back to go back to go back to go back to go back to go back to go back to go back to go back to go back to go back to go back to go back to go back to go back to go back to go back to go back to go back to go back to go back to go back to go back to go back to the previous,GO_BACK
Go back to go back to go back to go back to go back to go back to go back to go back to go back to go back to go back to go back to go back to go back to go back to go back to go back to go back to go back to go back to go back to go back to go back to go back to go back to go back to go back to go back to go back to go back to go back to go back to go back to go back to go back,GO_BACK
back page,GO_BACK
Back page page back page,GO_BACK
Back page back page,GO_BACK
Back page back page back page,GO_BACK
Back page page back page back page,GO_BACK
Back Page Page,GO_BACK
go to last page,GO_BACK
Go to the last page to go to the last page .,GO_BACK
Go to the last page to go to the last page,GO_BACK
Go to last page to go to last page .,GO_BACK
Go to the last page to go to last page,GO_BACK
Go to last page to go to the last page .,GO_BACK
return,GO_BACK
Return to return,GO_BACK
Return to return to return,GO_BACK
Return to return return,GO_BACK
Returning to the return of the return,GO_BACK
Returning to the return of the return return,GO_BACK
previous page,GO_BACK
Page previous page,GO_BACK
Page 1 Page 2 Page 1 Page 2 Page 2 Page 3 Page 3 Page 4 Page 5 Page 2 Page 2 Page 3 Page 4 Page 5 Page 2 Page 3 Page 4 Page 5 Page 2 Page 3 Page 4 Page 5 Page 2 Page 2 Page 3 Page 4 Page 4 Page 5 Page 2 Page 2 Page 3 Page 4 Page 4 Page 4 Page 5 Page 4 Page 4 Page 5 Page 4 Page 5 Page 5 Page 4 Page 5 Page 4 Page 5 Page 4 Page 5 Page 5 Page 5 Page 4 Page 5 Page 5 Page 5 Page 5 Page 5 Page 5 Page,GO_BACK
Page 1 Page 2 Page 1 Page 2 Page 2 Page 3 Page 3 Page 4 Page 5 Page 2 Page 2 Page 3 Page 4 Page 5 Page 2 Page 3 Page 4 Page 5 Page 2 Page 3 Page 4 Page 5 Page 2 Page 2 Page 3 Page 4 Page 4 Page 5 Page 2 Page 2 Page 3 Page 4 Page 4 Page 4 Page 5 Page 4 Page 4 Page 5 Page 4 Page 5 Page 5 Page 4 Page 5 Page 4 Page 5 Page 4 Page 5 Page 5 Page 5 Page 5 Page 5 Page 4 Page 5 Page 4 Page 5 Page 5 Page,GO_BACK
Page 1 Page 2 Page 1 Page 2 Page 2 Page 3 Page 3 Page 4 Page 5 Page 2 Page 2 Page 3 Page 4 Page 5 Page 2 Page 3 Page 4 Page 5 Page 2 Page 3 Page 4 Page 5 Page 2 Page 2 Page 3 Page 4 Page 4 Page 5 Page 2 Page 2 Page 3 Page 4 Page 4 Page 4 Page 5 Page 4 Page 4 Page 5 Page 4 Page 5 Page 5 Page 4 Page 5 Page 4 Page 5 Page 4 Page 5 Page 5 Page 5 Page 4 Page 5 Page 5 Page 5 Page 6 Page 5 Page 5 Page,GO_BACK
Page 1 Page 2 Page 1 Page 2 Page 2 Page 3 Page 3 Page 4 Page 5 Page 2 Page 2 Page 3 Page 4 Page 5 Page 2 Page 3 Page 4 Page 5 Page 2 Page 3 Page 4 Page 5 Page 2 Page 2 Page 3 Page 4 Page 4 Page 5 Page 2 Page 2 Page 3 Page 4 Page 4 Page 4 Page 5 Page 4 Page 4 Page 5 Page 4 Page 5 Page 5 Page 4 Page 5 Page 4 Page 5 Page 4 Page 5 Page 5 Page 5 Page 4 Page 5 Page 5 Page 5 Page 5 Page 5 Page 4 Page,GO_BACK
take me back,GO_BACK
Take me back to take me back home .,GO_BACK
Take me back to take me back to take me back .,GO_BACK
Take me back to take me back to take me back to take me back .,GO_BACK
Take me back to take me back to take me back,GO_BACK
Take me back to take me back in time.,GO_BACK
back please,GO_BACK
Please back please back please.,GO_BACK
Please back please back please back please .,GO_BACK
Please back please back please back,GO_BACK
Please back please back please back please,GO_BACK
Please back please back please back please back,GO_BACK
navigate back,GO_BACK
Navigate back to navigate back to navigate back,GO_BACK
Navigate back to navigate back,GO_BACK
Navigate back to navigate back to navigate back to navigate back,GO_BACK
Navigate back to navigate back to navigate back to navigate back to navigate back,GO_BACK
Navigating back to navigate back to navigate back to navigate back,GO_BACK
go back one step,GO_BACK
Go back one step and go back one step.,GO_BACK
One step back goes back one step .,GO_BACK
One step back goes back one step.,GO_BACK
Go back one step and go back one step,GO_BACK
One step back goes back one step back.,GO_BACK
backtrack,GO_BACK
Backtrack is backtracked backtracked backtracked backtracked backtracked backtracked backtracked backtracked backtracked backtracked backtracked backtracked backtracked backtracked backtracked backtracked backtracked backtracked backtracked backtracked backtracked backtracked backtracked backtracked backtracked backtracked backtracked backtrack,GO_BACK
Backtrack is backtracked backtracked backtracked backtracked backtracked backtracked backtracked backtracked backtracked backtracked backtracked backtracked backtracked backtracked backtracked backtracked backtracked backtracked backtracked backtracked backtracked backtracked backtracked backtracked backtracked backtracked backtracked,GO_BACK
Backtrack is backtracked backtracked backtracked backtracked backtracked backtracked backtracked backtracked backtracked backtracked backtracked backtracked backtracked backtracked backtracked backtracked backtracked backtracked backtracked backtracked backtracked backtracked backtracked backtracked backtracked backtracked backtracktracked back,GO_BACK
Backtrack is backtracked backtracked backtracked backtracked backtracked backtracked backtracked backtracked backtracked backtracked backtracked backtracked backtracked backtracked backtracked backtracked backtracked backtracked backtracked backtracked backtracked backtracked backtracked backtracktracked backtracked backtracked backtracked back,GO_BACK
Backtrack is backtracked backtracked backtracked backtracked backtracked backtracked backtracked backtracked backtracked backtracked backtracked backtracked backtracked backtracked backtracked backtracked backtracked backtracked backtracked backtracked backtracked backtracked backtracked backtracked backtracktracked backtracked backtracked back,GO_BACK
go forward,GO_FORWARD
Go forward to go forward to go forward.,GO_FORWARD
Forward go forward to go forward.,GO_FORWARD
Go forward to go forward to go forward .,GO_FORWARD
Go forward to go forward to go forward,GO_FORWARD
Go forward to go forward to go forwards.,GO_FORWARD
next page,GO_FORWARD
Next page on the next page,GO_FORWARD
Next page next page,GO_FORWARD
Next page page,GO_FORWARD
Page next page,GO_FORWARD
Next page on the next page.,GO_FORWARD
forward please,GO_FORWARD
Please forward please forward please.,GO_FORWARD
Please forward please forward please,GO_FORWARD
Please forward forward please.,GO_FORWARD
Please forward please forward please forward please,GO_FORWARD
Please forward please forward please forward,GO_FORWARD
move ahead,GO_FORWARD
Move ahead to move ahead,GO_FORWARD
Move ahead to move forward with the move ahead.,GO_FORWARD
Move ahead to move ahead.,GO_FORWARD
Move ahead to move forward with the next step.,GO_FORWARD
Move ahead to move forward with the next move.,GO_FORWARD
forward page,GO_FORWARD
Forward page forward page forward page forward page forward page forward page forward page forward page forward page forward page forward page forward page forward page forward page forward page forward page forward page forward page forward page forward page forward page forward page forward page forward page forward page forward page forward page forward page forward page forward page forward page forward page forward page forward page forward page forward page forward page forward page forward page forward page forward page forward page forward page forward page forward page forward page forward page forward page forward page forward page forward page forward page forward page forward page forward page forward page forward,GO_FORWARD
Forward page forward page forward page forward page forward page forward page forward page forward page forward page forward page forward page forward page forward page forward page forward page forward page forward page forward page forward page forward page forward page forward page forward page forward page forward page forward page forward page forward page forward page forward page forward page forward page forward page forward page forward page forward page forward page forward page forward page forward page forward page forward page forward page forward page forward page forward page forward page forward page forward page forward page forward page forward page forward page forward page forward page,GO_FORWARD
Forward page forward page forward page forward page forward page forward page forward page forward page forward page forward page forward page forward page forward page forward page forward page forward page forward page forward page forward page forward page forward page forward page forward page forward page forward page forward page forward page forward page forward page forward page forward page forward page forward page forward page forward page forward page forward page forward page forward page forward page forward page forward page forward page forward page forward page forward page forward page forward page forward page forward page forward page forward page forward page forward page forward page forward page,GO_FORWARD
Forward page forward page forward page forward page forward page forward page forward page forward page forward page forward page forward page forward page forward page forward page forward page forward page forward page forward page forward page forward page forward page forward page forward page forward page forward page forward page forward page forward page forward page forward page forward page forward page forward page forward page forward page forward page forward page forward page forward page forward page forward page forward page forward page forward page forward page forward page forward page forward page forward page forward page forward page forward page forward page forward page,GO_FORWARD
Forward page forward page forward page forward page forward page forward page forward page forward page forward page forward page forward page forward page forward page forward page forward page forward page forward page forward page forward page forward page forward page forward page forward page forward page forward page forward page forward page forward page forward page forward page forward page forward page forward page forward page forward page forward page forward page forward page forward page forward page forward page forward page forward page forward page forward page forward page forward page forward page forward page forward page forward page forward page forward page,GO_FORWARD
continue forward,GO_FORWARD
Continue forward forward to continue forward forward,GO_FORWARD
Continue forward forward to continue forward forward.,GO_FORWARD
Continue forward forward forward forward.,GO_FORWARD
Continue forward to continue forward forward,GO_FORWARD
Continue forward to continue forward forward.,GO_FORWARD
step forward,GO_FORWARD
Step forward a step forward .,GO_FORWARD
Step forward a step forward step forward,GO_FORWARD
Step forward step forward step forward step forward,GO_FORWARD
Step forward a step forward.,GO_FORWARD
Step forward step forward step forward step forward step forward,GO_FORWARD
navigate ahead,GO_FORWARD
Navigate ahead to navigate ahead,GO_FORWARD
Navigate ahead to navigate ahead Navigate ahead,GO_FORWARD
Navigate ahead to navigate ahead navigate ahead,GO_FORWARD
Navigate ahead and navigate ahead to navigate ahead,GO_FORWARD
Navigating ahead navigates ahead.,GO_FORWARD
forward tab/page,GO_FORWARD
Tab/page forward tab/page forward tab/page forward,GO_FORWARD
Tab/page forward tab/page forward tab/page forward tab/page forward,GO_FORWARD
Tab/page forward tab/page forward tab/page forward tab/page forward tab/page forward tab/page forward,GO_FORWARD
Tab/page forward tab/page forward tab/page forward tab/page forward tab/page forward,GO_FORWARD
Tab/page forward tab/page forward tab/page forward tab/page forward tab/page forward page forward,GO_FORWARD
move on,GO_FORWARD
Move on move on move on move on move on move on move on move on move on move on move on move on move on move on move on move on move on move on move on move on move on move on move on move on move on move on move on move on move on move on move on move on move on move on move on move on move on move on move on move on move on move on move on move on move on move on move on move on move on move on move on move on move on move on move on move on move,GO_FORWARD
Move on move on move on move on move on move on move on move on move on move on move on move on move on move on move on move on move on move on move on move on move on move on move on move on move on move on move on move on move on move on move on move on move on move on move on move on move on move on move on move on move on move on move on move on move on move on move on move on move on move on move on move on move on move on move on move on,GO_FORWARD
Move on move on move on move on move on move on move on move on move on move on move on move on move on move on move on move on move on move on move on move on move on move on move on move on move on move on move on move on move on move on move on move on move on move on move on move on move on move on move on move on move on move on move on move on move on move on move on move on move on move on move on move on move on move on move on move,GO_FORWARD
Move on move on move on move on move on move on move on move on move on move on move on move on move on move on move on move on move on move on move on move on move on move on move on move on move on move on move on move on move on move on move on move on move on move on move on move on move on move on move on move on move on move on move on move on move on move on move on move on move on move on move on move on move on move on,GO_FORWARD
Move on move on move on move on move on move on move on move on move on move on move on move on move on move on move on move on move on move on move on move on move on move on move on move on move on move on move on move on move on move on move on move on move on move on move on move on move on move on move on move on move on move on move on move on move on move on move on move on move on move on move on move on move on move on move move on move on,GO_FORWARD
zoom in,ZOOM_IN
Zoom in zoom in zoom zoom in zoom in zoom in zoom in zoom in zoom in zoom in zoom in zoom in zoom in zoom in zoom in zoom in zoom in zoom in zoom in zoom in zoom in zoom in zoom in zoom in zoom in zoom in zoom in zoom in zoom in zoom in zoom in zoom in zoom in zoom in zoom in zoom in zoom in zoom in zoom in zoom in zoom in zoom in zoom in zoom in zoom in zoom in zoom in zoom in zoom in zoom in zoom in zoom in zoom in zoom in zoom in zoom in zoom in,ZOOM_IN
Zoom in zoom in zoom zoom in zoom in zoom in zoom in zoom in zoom in zoom in zoom in zoom in zoom in zoom in zoom in zoom in zoom in zoom in zoom in zoom in zoom in zoom in zoom in zoom in zoom in zoom in zoom in zoom in zoom in zoom in zoom in zoom in zoom in zoom in zoom in zoom in zoom in zoom in zoom in zoom in zoom in zoom in zoom in zoom in zoom in zoom in zoom in zoom in zoom in zoom zoom in zoom in zoom in zoom in zoom in zoom in zoom in zoom,ZOOM_IN
Zoom in zoom in zoom zoom in zoom in zoom in zoom in zoom in zoom in zoom in zoom in zoom in zoom in zoom in zoom in zoom in zoom in zoom in zoom in zoom in zoom in zoom in zoom in zoom in zoom in zoom in zoom in zoom in zoom in zoom in zoom in zoom in zoom in zoom in zoom in zoom in zoom in zoom in zoom in zoom in zoom in zoom in zoom in zoom in zoom in zoom in zoom in zoom in zoom in zoom in zoom zoom in zoom in zoom in zoom in zoom in zoom in zoom,ZOOM_IN
Zoom in zoom in zoom zoom in zoom in zoom in zoom in zoom in zoom in zoom in zoom in zoom in zoom in zoom in zoom in zoom in zoom in zoom in zoom in zoom in zoom in zoom in zoom in zoom in zoom in zoom in zoom in zoom in zoom in zoom in zoom in zoom in zoom in zoom in zoom in zoom in zoom in zoom in zoom in zoom in zoom in zoom in zoom in zoom in zoom in zoom in zoom in zoom in zoom zoom in zoom in zoom in zoom in zoom in zoom in zoom in zoom in zoom,ZOOM_IN
Zoom in zoom in zoom zoom in zoom in zoom in zoom in zoom in zoom in zoom in zoom in zoom in zoom in zoom in zoom in zoom in zoom in zoom in zoom in zoom in zoom in zoom in zoom in zoom in zoom in zoom in zoom in zoom in zoom in zoom in zoom in zoom in zoom in zoom in zoom in zoom in zoom in zoom in zoom in zoom in zoom in zoom in zoom in zoom in zoom in zoom in zoom in zoom in zoom in zoom in zoom in zoom in zoom in zoom in zoom in zoom zoom in zoom,ZOOM_IN
enlarge page,ZOOM_IN
Page enlarge page,ZOOM_IN
Page to enlarge,ZOOM_IN
Page enlarge enlarge page,ZOOM_IN
Page enlarge enlarge,ZOOM_IN
Page to enlarge page,ZOOM_IN
make bigger,ZOOM_IN
Make bigger to make bigger.,ZOOM_IN
Make bigger and make bigger.,ZOOM_IN
Make bigger make bigger make bigger.,ZOOM_IN
Make bigger and make bigger by making bigger.,ZOOM_IN
Make bigger make bigger make bigger make bigger.,ZOOM_IN
increase zoom,ZOOM_IN
Zoom zoom increase zoom increase zoom increase zoom increase zoom increase zoom increase zoom increase zoom increase zoom increase zoom increase zoom increase zoom increase zoom increase zoom increase zoom increase zoom increase zoom increase zoom increase zoom increase zoom increase zoom increase zoom increase zoom increase zoom increase zoom zoom increase zoom zoom increase zoom zoom increase zoom zoom increase zoom zoom increase zoom zoom increase zoom zoom increase zoom zoom increase zoom zoom increase zoom zoom increase zoom zoom increase zoom zoom increase zoom zoom increase zoom zoom increase zoom zoom increase zoom zoom increase zoom zoom,ZOOM_IN
Zoom zoom increase zoom increase zoom increase zoom increase zoom increase zoom increase zoom increase zoom increase zoom increase zoom increase zoom increase zoom increase zoom increase zoom increase zoom increase zoom increase zoom increase zoom increase zoom increase zoom increase zoom increase zoom increase zoom increase zoom increase zoom zoom increase zoom zoom increase zoom zoom increase zoom zoom increase zoom zoom increase zoom zoom increase zoom zoom increase zoom zoom increase zoom zoom increase zoom zoom increase zoom zoom increase zoom zoom increase zoom zoom increase zoom zoom increase zoom zoom increase zoom zoom increase zoom zoom increase zoom zoom,ZOOM_IN
Zoom zoom increase zoom increase zoom increase zoom increase zoom increase zoom increase zoom increase zoom increase zoom increase zoom increase zoom increase zoom increase zoom increase zoom increase zoom increase zoom increase zoom increase zoom increase zoom increase zoom increase zoom increase zoom increase zoom increase zoom increase zoom increase zoom zoom increase zoom zoom increase zoom zoom increase zoom zoom increase zoom zoom increase zoom zoom increase zoom zoom increase zoom zoom increase zoom zoom increase zoom zoom increase zoom zoom increase zoom zoom increase zoom zoom increase zoom zoom increase zoom zoom increase zoom zoom increase zoom,ZOOM_IN
Zoom zoom increase zoom increase zoom increase zoom increase zoom increase zoom increase zoom increase zoom increase zoom increase zoom increase zoom increase zoom increase zoom increase zoom increase zoom increase zoom increase zoom increase zoom increase zoom increase zoom increase zoom increase zoom increase zoom increase zoom increase zoom increase zoom zoom increase zoom zoom increase zoom zoom increase zoom zoom increase zoom zoom increase zoom zoom increase zoom zoom increase zoom zoom increase zoom zoom increase zoom zoom increase zoom zoom increase zoom zoom increase zoom zoom increase zoom zoom increase zoom zoom increase zoom zoom increase zoom zoom increase zoom zoom increase zoom zoom,ZOOM_IN
Zoom zoom increase zoom increase zoom increase zoom increase zoom increase zoom increase zoom increase zoom increase zoom increase zoom increase zoom increase zoom increase zoom increase zoom increase zoom increase zoom increase zoom increase zoom increase zoom increase zoom increase zoom increase zoom increase zoom increase zoom increase zoom increase zoom zoom increase zoom zoom increase zoom zoom increase zoom zoom increase zoom zoom increase zoom zoom increase zoom zoom increase zoom zoom increase zoom zoom increase zoom zoom increase zoom zoom increase zoom zoom increase zoom zoom increase zoom zoom increase zoom zoom increase zoom zoom increase zoom zoom increase zoom,ZOOM_IN
bigger screen,ZOOM_IN
Bigger screen - Bigger Screen - More Screen - Bigger Screen - Bigger Screen - Bigger Screen - Bigger Screen - Bigger Screen - Bigger Screen - Bigger Screen - Bigger Screen - Bigger Screen - Bigger Screen - Bigger Screen - Bigger Screen - Bigger Screen - Bigger Screen - Bigger Screen - Bigger Screen - Bigger Screen - Bigger Screen - Bigger Screen - Bigger Screen ,ZOOM_IN
Bigger screen - Bigger Screen - More Screen - Bigger Screen - Bigger Screen - Bigger Screen - Bigger Screen - Bigger Screen - Bigger Screen - Bigger Screen - Bigger Screen - Bigger Screen - Bigger Screen - Bigger Screen - Bigger Screen - Bigger Screen - Bigger Screen - Bigger Screen - Bigger Screen - Bigger Screen - Bigger Screen - Bigger Screen - Bigger Screen,ZOOM_IN
Bigger screen - Bigger Screen - More Screen - Bigger Screen - Bigger Screen - Bigger Screen - Bigger Screen - Bigger Screen - Bigger Screen - Bigger Screen - Bigger Screen - Bigger Screen - Bigger Screen - Bigger Screen - Bigger Screen - Bigger Screen - Bigger Screen - Bigger Screen - Bigger Screen - Bigger Screen - Bigger Screen - Bigger Screen - Big Screen -,ZOOM_IN
Bigger screen - Bigger Screen - More Screen - Bigger Screen - Bigger Screen - Bigger Screen - Bigger Screen - Bigger Screen - Bigger Screen - Bigger Screen - Bigger Screen - Bigger Screen - Bigger Screen - Bigger Screen - Bigger Screen - Bigger Screen - Bigger Screen - Bigger Screen - Bigger Screen - Bigger Screen - Bigger Screen - Bigger Screen - Larger Screen ,ZOOM_IN
Bigger screen - Bigger Screen - More Screen - Bigger Screen - Bigger Screen - Bigger Screen - Bigger Screen - Bigger Screen - Bigger Screen - Bigger Screen - Bigger Screen - Bigger Screen - Bigger Screen - Bigger Screen - Bigger Screen - Bigger Screen - Bigger Screen - Bigger Screen - Bigger Screen - Bigger Screen - Bigger Screen - Big Screen - Bigger Screen -,ZOOM_IN
magnify,ZOOM_IN
Magnificence magnifys magnify - magnify -,ZOOM_IN
Magnificence magnifys magnify - magnify,ZOOM_IN
Magnificent magnifying glass magnify,ZOOM_IN
Magnificence magnifys magnify .,ZOOM_IN
magnify magnify magnify magnify.,ZOOM_IN
zoom closer,ZOOM_IN
Zoom closer to zoom closer,ZOOM_IN
Zoom closer to zoom zoom closer,ZOOM_IN
Zoom closer to zoom closer.,ZOOM_IN
Zoom closer - zoom closer,ZOOM_IN
Zoom closer to zoom in closer,ZOOM_IN
enlarge text,ZOOM_IN
Text enlarge text,ZOOM_IN
Text enlarge Text,ZOOM_IN
Text to enlarge text,ZOOM_IN
Text to enlarge enlarge text,ZOOM_IN
Text enlarge text enlarge text,ZOOM_IN
zoom more,ZOOM_IN
Zoom zoom more zoom zoom more zoom zoom more,ZOOM_IN
Zoom zoom more zoom more zoom zoom more,ZOOM_IN
Zoom zoom more zoom zoom zoom more zoom zoom more,ZOOM_IN
Zoom zoom more zoom zoom more,ZOOM_IN
Zoom zoom more zoom zoom zoom more,ZOOM_IN
bigger please,ZOOM_IN
Please make it bigger please.,ZOOM_IN
Please make it bigger please please.,ZOOM_IN
"Please make it larger please, please.",ZOOM_IN
Please make it bigger please please!,ZOOM_IN
Please make it larger please !,ZOOM_IN
zoom out,ZOOM_OUT
Zoom out zoom out zoom out zoom out zoom out zoom out zoom out zoom out zoom out zoom out zoom out zoom out zoom out zoom out zoom out zoom out zoom out zoom out zoom out zoom out zoom out zoom out zoom out zoom out zoom out zoom out zoom out zoom out zoom out zoom out zoom out zoom out zoom out zoom out zoom out zoom out zoom out zoom out zoom out zoom out zoom out zoom out zoom out zoom out zoom out zoom out zoom out zoom out zoom out zoom out zoom out zoom out zoom out zoom out zoom out zoom out zoom,ZOOM_OUT
Zoom out zoom out zoom out zoom out zoom out zoom out zoom out zoom out zoom out zoom out zoom out zoom out zoom out zoom out zoom out zoom out zoom out zoom out zoom out zoom out zoom out zoom out zoom out zoom out zoom out zoom out zoom out zoom out zoom out zoom out zoom out zoom out zoom out zoom out zoom out zoom out zoom out zoom out zoom out zoom out zoom out zoom out zoom out zoom out zoom out zoom out zoom out zoom out zoom out zoom out zoom out zoom out zoom out zoom zoom out zoom out zoom out,ZOOM_OUT
Zoom out zoom out zoom out zoom out zoom out zoom out zoom out zoom out zoom out zoom out zoom out zoom out zoom out zoom out zoom out zoom out zoom out zoom out zoom out zoom out zoom out zoom out zoom out zoom out zoom out zoom out zoom out zoom out zoom out zoom out zoom out zoom out zoom out zoom out zoom out zoom out zoom out zoom out zoom out zoom out zoom out zoom out zoom out zoom out zoom out zoom out zoom out zoom out zoom out zoom out zoom out zoom out zoom zoom out zoom out zoom out zoom out,ZOOM_OUT
Zoom out zoom out zoom out zoom out zoom out zoom out zoom out zoom out zoom out zoom out zoom out zoom out zoom out zoom out zoom out zoom out zoom out zoom out zoom out zoom out zoom out zoom out zoom out zoom out zoom out zoom out zoom out zoom out zoom out zoom out zoom out zoom out zoom out zoom out zoom out zoom out zoom out zoom out zoom out zoom out zoom out zoom out zoom out zoom out zoom out zoom out zoom out zoom out zoom out zoom out zoom out zoom out zoom out zoom out zoom zoom out zoom out,ZOOM_OUT
Zoom out zoom out zoom out zoom out zoom out zoom out zoom out zoom out zoom out zoom out zoom out zoom out zoom out zoom out zoom out zoom out zoom out zoom out zoom out zoom out zoom out zoom out zoom out zoom out zoom out zoom out zoom out zoom out zoom out zoom out zoom out zoom out zoom out zoom out zoom out zoom out zoom out zoom out zoom out zoom out zoom out zoom out zoom out zoom out zoom out zoom out zoom out zoom out zoom out zoom out zoom out zoom zoom out zoom out zoom out zoom out zoom out,ZOOM_OUT
shrink page,ZOOM_OUT
Page shrink page shrink page shrink page shrink page shrink page shrink page shrink page shrink page shrink page shrink page shrink page shrink page shrink page shrink page shrink page shrink page shrink page shrink page shrink page shrink page shrink page shrink page shrink page shrink page shrink page shrink page shrink page shrink page shrink page shrink page shrink page shrink page shrink page shrink page shrink page shrink page shrink page shrink page shrink page shrink page shrink page shrink page shrink page,ZOOM_OUT
Page shrink page shrink page shrink page shrink page shrink page shrink page shrink page shrink page shrink page shrink page shrink page shrink page shrink page shrink page shrink page shrink page shrink page shrink page shrink page shrink page shrink page shrink page shrink page shrink page shrink page shrink page shrink page shrink page shrink page shrink page shrink page shrink page shrink page shrink page shrink page shrink page shrink page shrink page shrink page shrink page shrink page shrink page shrink page shrink page,ZOOM_OUT
Page shrink page shrink page shrink page shrink page shrink page shrink page shrink page shrink page shrink page shrink page shrink page shrink page shrink page shrink page shrink page shrink page shrink page shrink page shrink page shrink page shrink page shrink page shrink page shrink page shrink page shrink page shrink page shrink page shrink page shrink page shrink page shrink page shrink page shrink page shrink page shrink page shrink page shrink page shrink page shrink page shrink page shrink page,ZOOM_OUT
Page shrink page shrink page shrink page shrink page shrink page shrink page shrink page shrink page shrink page shrink page shrink page shrink page shrink page shrink page shrink page shrink page shrink page shrink page shrink page shrink page shrink page shrink page shrink page shrink page shrink page shrink page shrink page shrink page shrink page shrink page shrink page shrink page shrink page shrink page shrink page shrink page shrink page shrink page shrink page shrink page shrink page shrink page shrink page shrink page shrink page,ZOOM_OUT
Page shrink page shrink page shrink page shrink page shrink page shrink page shrink page shrink page shrink page shrink page shrink page shrink page shrink page shrink page shrink page shrink page shrink page shrink page shrink page shrink page shrink page shrink page shrink page shrink page shrink page shrink page shrink page shrink page shrink page shrink page shrink page shrink page shrink page shrink page shrink page shrink page shrink page shrink page shrink page shrink page shrink page,ZOOM_OUT
make smaller,ZOOM_OUT
Make smaller to make smaller.,ZOOM_OUT
Make smaller and make smaller.,ZOOM_OUT
Smaller to make smaller to make.,ZOOM_OUT
Make smaller and make smaller make smaller.,ZOOM_OUT
Smaller to make smaller to make smaller.,ZOOM_OUT
reduce zoom,ZOOM_OUT
Zoom - Reduce zoom - Reduce zoom - Reduce zoom -,ZOOM_OUT
Zoom - Reduce zoom - Reduce zoom - Reduce zoom - Reduce zoom -,ZOOM_OUT
Zoom - Reduce zoom - Reduce zoom - Reduce zoom,ZOOM_OUT
Zoom - Reduce zoom - Reduce zoom -,ZOOM_OUT
Zoom - Reduce zoom - Reduce zoom,ZOOM_OUT
smaller screen,ZOOM_OUT
Smaller screen is a smaller screen .,ZOOM_OUT
Smaller screen is a smaller screen screen .,ZOOM_OUT
Smaller screen smaller screen,ZOOM_OUT
Smaller screen is a smaller screen screen.,ZOOM_OUT
Smaller screen is a smaller screen screen screen .,ZOOM_OUT
minimize view,ZOOM_OUT
Minimize view view minimize view view minimize view view,ZOOM_OUT
Minimize view view minimize view view minimize view,ZOOM_OUT
Minimize view view minimize view minimize view,ZOOM_OUT
Minimize view view minimize view minimize view minimize view,ZOOM_OUT
Maximize view view minimize view,ZOOM_OUT
zoom back,ZOOM_OUT
Zoom back to zoom back,ZOOM_OUT
Zoom back to back zoom back,ZOOM_OUT
Zoom back in time back to zoom back,ZOOM_OUT
Zoom back to zoom back in time,ZOOM_OUT
Zoom back to zoom back.,ZOOM_OUT
reduce size,ZOOM_OUT
Reduce size to reduce size,ZOOM_OUT
Reduce size by reducing size,ZOOM_OUT
Reduce size by reducing size to reduce size,ZOOM_OUT
Reduce size by reducing size.,ZOOM_OUT
Reduce size by reducing size .,ZOOM_OUT
smaller text,ZOOM_OUT
Smaller text text is a smaller text text .,ZOOM_OUT
Smaller text is a smaller text text .,ZOOM_OUT
Smaller text text is a smaller text text.,ZOOM_OUT
Smaller text is a smaller text.,ZOOM_OUT
Smaller text is a smaller text text that is .,ZOOM_OUT
zoom less,ZOOM_OUT
Zoom less zoom zoom less,ZOOM_OUT
Zoom less zoom zoom less zoom,ZOOM_OUT
Zoom less zoom zoom less zoom zoom less zoom,ZOOM_OUT
Zoom less zoom zoom less zoom .,ZOOM_OUT
Zoom less zoom zoom less zoom zoom,ZOOM_OUT
fullscreen,FULL_SCREEN
Fullscreen Fullscreen Fullscreen Fullscreen Fullscreen Fullscreen Fullscreen Fullscreen Fullscreen Fullscreen Fullscreen Fullscreen Fullscreen Fullscreen Fullscreen Fullscreen Fullscreen Fullscreen Fullscreen Fullscreen Fullscreen Fullscreen Fullscreen Fullscreen Fullscreen Fullscreen Fullscreen Fullscreen Fullscreen Fullscreen Fullscreen Fullscreen Fullscreen Fullscreen Fullscreen Fullscreen Fullscreen Fullscreen Fullscreen Fullscreen Fullscreen Fullscreen Fullscreen Fullscreen Fullscreen Fullscreen Fullscreen Fullscreen Fullscreen Fullscreen Fullscreen Fullscreen Fullscreen Fullscreen Fullscreen Fullscreen Full,FULL_SCREEN
Fullscreen Fullscreen Fullscreen Fullscreen Fullscreen Fullscreen Fullscreen Fullscreen Fullscreen Fullscreen Fullscreen Fullscreen Fullscreen Fullscreen Fullscreen Fullscreen Fullscreen Fullscreen Fullscreen Fullscreen Fullscreen Fullscreen Fullscreen Fullscreen Fullscreen Fullscreen Fullscreen Fullscreen Fullscreen Fullscreen Fullscreen Fullscreen Fullscreen Fullscreen Fullscreen Fullscreen Fullscreen Fullscreen Fullscreen Fullscreen Fullscreen Fullscreen Fullscreen Fullscreen Fullscreen Fullscreen Fullscreen Fullscreen Fullscreen Fullscreen Fullscreen Fullscreen Fullscreen Fullscreen Fullscreen Fullscreen,FULL_SCREEN
Fullscreen Fullscreen Fullscreen Fullscreen Fullscreen Fullscreen Fullscreen Fullscreen Fullscreen Fullscreen Fullscreen Fullscreen Fullscreen Fullscreen Fullscreen Fullscreen Fullscreen Fullscreen Fullscreen Fullscreen Fullscreen Fullscreen Fullscreen Fullscreen Fullscreen Fullscreen Fullscreen Fullscreen Fullscreen Fullscreen Fullscreen Fullscreen Fullscreen Fullscreen Fullscreen Fullscreen Fullscreen Fullscreen Fullscreen Fullscreen Fullscreen Fullscreen Fullscreen Fullscreen Fullscreen Fullscreen Fullscreen Fullscreen Fullscreen Fullscreen Fullscreen Fullscreen Fullscreen Fullscreen Fullscreen,FULL_SCREEN
Fullscreen Fullscreen Fullscreen Fullscreen Fullscreen Fullscreen Fullscreen Fullscreen Fullscreen Fullscreen Fullscreen Fullscreen Fullscreen Fullscreen Fullscreen Fullscreen Fullscreen Fullscreen Fullscreen Fullscreen Fullscreen Fullscreen Fullscreen Fullscreen Fullscreen Fullscreen Fullscreen Fullscreen Fullscreen Fullscreen Fullscreen Fullscreen Fullscreen Fullscreen Fullscreen Fullscreen Fullscreen Fullscreen Fullscreen Fullscreen Fullscreen Fullscreen Fullscreen Fullscreen Fullscreen Fullscreen Fullscreen Fullscreen Fullscreen Fullscreen Fullscreen Fullscreen Fullscreen Fullscreen Fullscreen Full Screen Full,FULL_SCREEN
Fullscreen Fullscreen Fullscreen Fullscreen Fullscreen Fullscreen Fullscreen Fullscreen Fullscreen Fullscreen Fullscreen Fullscreen Fullscreen Fullscreen Fullscreen Fullscreen Fullscreen Fullscreen Fullscreen Fullscreen Fullscreen Fullscreen Fullscreen Fullscreen Fullscreen Fullscreen Fullscreen Fullscreen Fullscreen Fullscreen Fullscreen Fullscreen Fullscreen Fullscreen Fullscreen Fullscreen Fullscreen Fullscreen Fullscreen Fullscreen Fullscreen Fullscreen Fullscreen Fullscreen Fullscreen Fullscreen Fullscreen Fullscreen Fullscreen Fullscreen Fullscreen Fullscreen Fullscreen Fullscreen Full Screen Fullscreen Full,FULL_SCREEN
enter fullscreen,FULL_SCREEN
Enter fullscreen fullscreen enter fullscreen enter fullscreen enter fullscreen enter fullscreen enter fullscreen enter fullscreen enter fullscreen enter fullscreen enter fullscreen enter fullscreen enter fullscreen enter fullscreen enter fullscreen enter fullscreen enter fullscreen enter fullscreen enter fullscreen enter fullscreen enter fullscreen enter fullscreen enter fullscreen enter fullscreen enter fullscreen enter fullscreen enter fullscreen enter fullscreen enter fullscreen enter fullscreen enter fullscreen enter fullscreen enter fullscreen enter fullscreen enter fullscreen enter fullscreen enter fullscreen enter fullscreen,FULL_SCREEN
Enter fullscreen fullscreen enter fullscreen enter fullscreen enter fullscreen enter fullscreen enter fullscreen enter fullscreen enter fullscreen enter fullscreen enter fullscreen enter fullscreen enter fullscreen enter fullscreen enter fullscreen enter fullscreen enter fullscreen enter fullscreen enter fullscreen enter fullscreen enter fullscreen enter fullscreen enter fullscreen enter fullscreen enter fullscreen enter fullscreen enter fullscreen enter fullscreen enter fullscreen enter fullscreen enter fullscreen enter fullscreen enter fullscreen enter fullscreen enter fullscreen enter fullscreen enter fullscreen,FULL_SCREEN
Enter fullscreen fullscreen enter fullscreen enter fullscreen enter fullscreen enter fullscreen enter fullscreen enter fullscreen enter fullscreen enter fullscreen enter fullscreen enter fullscreen enter fullscreen enter fullscreen enter fullscreen enter fullscreen enter fullscreen enter fullscreen enter fullscreen enter fullscreen enter fullscreen enter fullscreen enter fullscreen enter fullscreen enter fullscreen enter fullscreen enter fullscreen enter fullscreen enter fullscreen enter fullscreen enter fullscreen enter fullscreen enter fullscreen enter fullscreen enter fullscreen enter fullscreen enter fullscreen enter,FULL_SCREEN
Enter fullscreen fullscreen enter fullscreen enter fullscreen enter fullscreen enter fullscreen enter fullscreen enter fullscreen enter fullscreen enter fullscreen enter fullscreen enter fullscreen enter fullscreen enter fullscreen enter fullscreen enter fullscreen enter fullscreen enter fullscreen enter fullscreen enter fullscreen enter fullscreen enter fullscreen enter fullscreen enter fullscreen enter fullscreen enter fullscreen enter fullscreen enter fullscreen enter fullscreen enter fullscreen enter fullscreen enter fullscreen enter fullscreen enter fullscreen enter fullscreen enter fullscreen enter fullscreen enter full screen,FULL_SCREEN
Enter fullscreen fullscreen enter fullscreen enter fullscreen enter fullscreen enter fullscreen enter fullscreen enter fullscreen enter fullscreen enter fullscreen enter fullscreen enter fullscreen enter fullscreen enter fullscreen enter fullscreen enter fullscreen enter fullscreen enter fullscreen enter fullscreen enter fullscreen enter fullscreen enter fullscreen enter fullscreen enter fullscreen enter fullscreen enter fullscreen enter fullscreen enter fullscreen enter fullscreen enter fullscreen enter fullscreen enter fullscreen enter fullscreen enter full screen enter fullscreen enter fullscreen enter fullscreen enter fullscreen,FULL_SCREEN
make it fullscreen,FULL_SCREEN
Make it fullscreen to make it fullscreen.,FULL_SCREEN
Make it fullscreen to make it fullscreen .,FULL_SCREEN
Make it fullscreen to make it fullscreen,FULL_SCREEN
Make it fullscreen if you make it fullscreen.,FULL_SCREEN
Make it fullscreen to make it Fullscreen.,FULL_SCREEN
maximize screen,FULL_SCREEN
Maximize the screen size to maximize the screen,FULL_SCREEN
Maximize screen resolution,FULL_SCREEN
Maximize the screen size to maximize the screen .,FULL_SCREEN
Maximize the screen size by maximising the screen size,FULL_SCREEN
Maximize the screen size to maximize the screen.,FULL_SCREEN
show full screen,FULL_SCREEN
Full screen show full screen .,FULL_SCREEN
Full screen show full screen,FULL_SCREEN
Full screen show full screen.,FULL_SCREEN
Show full screen full screen full screen,FULL_SCREEN
Show full screen full screen full screen.,FULL_SCREEN
fullscreen mode,FULL_SCREEN
Fullscreen Mode Fullscreen Mode Fullscreen Mode Fullscreen Mode Fullscreen Mode Fullscreen Mode Fullscreen Mode Fullscreen Mode Fullscreen Mode Fullscreen Mode Fullscreen Mode Fullscreen Mode Fullscreen Mode Fullscreen Mode Fullscreen Mode Fullscreen Mode Fullscreen Mode Fullscreen Mode Fullscreen Mode Fullscreen Mode Fullscreen Mode Fullscreen Mode Fullscreen Mode Fullscreen Mode Fullscreen Mode Fullscreen Mode Fullscreen Mode Fullscreen Mode Fullscreen Mode Fullscreen Mode Fullscreen Mode Fullscreen Mode Fullscreen Mode Fullscreen Mode Fullscreen Mode Fullscreen Mode Fullscreen Mode Fullscreen,FULL_SCREEN
Fullscreen mode Fullscreen Mode Fullscreen Mode Fullscreen Mode Fullscreen Mode Fullscreen Mode Fullscreen Mode Fullscreen Mode Fullscreen Mode Fullscreen Mode Fullscreen Mode Fullscreen Mode Fullscreen Mode Fullscreen Mode Fullscreen Mode Fullscreen Mode Fullscreen Mode Fullscreen Mode Fullscreen Mode Fullscreen Mode Fullscreen Mode Fullscreen Mode Fullscreen Mode Fullscreen Mode Fullscreen Mode Fullscreen Mode Fullscreen Mode Fullscreen Mode Fullscreen Mode Fullscreen Mode Fullscreen Mode Fullscreen Mode Fullscreen Mode Fullscreen Mode Fullscreen Mode Fullscreen Mode Fullscreen Mode Fullscreen,FULL_SCREEN
Fullscreen mode Fullscreen Mode Fullscreen mode Fullscreen Mode Fullscreen Mode Fullscreen Mode Fullscreen Mode Fullscreen Mode Fullscreen Mode Fullscreen Mode Fullscreen Mode Fullscreen Mode Fullscreen Mode Fullscreen Mode Fullscreen Mode Fullscreen Mode Fullscreen Mode Fullscreen Mode Fullscreen Mode Fullscreen Mode Fullscreen Mode Fullscreen Mode Fullscreen Mode Fullscreen Mode Fullscreen Mode Fullscreen Mode Fullscreen Mode Fullscreen Mode Fullscreen Mode Fullscreen Mode Fullscreen Mode Fullscreen Mode Fullscreen Mode Fullscreen Mode Fullscreen Mode Fullscreen Mode Fullscreen Mode Fullscreen,FULL_SCREEN
Fullscreen Mode Fullscreen Mode Fullscreen Mode Fullscreen Mode Fullscreen Mode Fullscreen Mode Fullscreen Mode Fullscreen Mode Fullscreen Mode Fullscreen Mode Fullscreen Mode Fullscreen Mode Fullscreen Mode Fullscreen Mode Fullscreen Mode Fullscreen Mode Fullscreen Mode Fullscreen Mode Fullscreen Mode Fullscreen Mode Fullscreen Mode Fullscreen Mode Fullscreen Mode Fullscreen Mode Fullscreen Mode Fullscreen Mode Fullscreen Mode Fullscreen Mode Fullscreen Mode Fullscreen Mode Fullscreen Mode Fullscreen Mode Fullscreen mode Fullscreen Mode Fullscreen Mode Fullscreen Mode Fullscreen Mode Fullscreen,FULL_SCREEN
Fullscreen Mode Fullscreen Mode Fullscreen Mode Fullscreen Mode Fullscreen Mode Fullscreen Mode Fullscreen Mode Fullscreen Mode Fullscreen Mode Fullscreen Mode Fullscreen Mode Fullscreen Mode Fullscreen Mode Fullscreen Mode Fullscreen Mode Fullscreen Mode Fullscreen Mode Fullscreen Mode Fullscreen Mode Fullscreen Mode Fullscreen Mode Fullscreen Mode Fullscreen Mode Fullscreen Mode Fullscreen Mode Fullscreen Mode Fullscreen Mode Fullscreen Mode Fullscreen Mode Fullscreen Mode Fullscreen Mode Fullscreen mode Fullscreen Mode Fullscreen Mode Fullscreen Mode Fullscreen Mode Fullscreen Mode Fullscreen,FULL_SCREEN
go fullscreen,FULL_SCREEN
Go fullscreen fullscreen go fullscreen go fullscreen go fullscreen go fullscreen go fullscreen go fullscreen go fullscreen go fullscreen go fullscreen go fullscreen go fullscreen go fullscreen go fullscreen go fullscreen go fullscreen go fullscreen go fullscreen go fullscreen go fullscreen go fullscreen go fullscreen go fullscreen go fullscreen go fullscreen go fullscreen go fullscreen go fullscreen go fullscreen go fullscreen go fullscreen go fullscreen go fullscreen go fullscreen go fullscreen go fullscreen go fullscreen,FULL_SCREEN
Go fullscreen go fullscreen go fullscreen go fullscreen go fullscreen go fullscreen go fullscreen go fullscreen go fullscreen go fullscreen go fullscreen go fullscreen go fullscreen go fullscreen go fullscreen go fullscreen go fullscreen go fullscreen go fullscreen go fullscreen go fullscreen go fullscreen go fullscreen go fullscreen go fullscreen go fullscreen go fullscreen go fullscreen go fullscreen go fullscreen go fullscreen go fullscreen go fullscreen go fullscreen go fullscreen go fullscreen go fullscreen go full,FULL_SCREEN
Go fullscreen fullscreen go fullscreen go fullscreen go fullscreen go fullscreen go fullscreen go fullscreen go fullscreen go fullscreen go fullscreen go fullscreen go fullscreen go fullscreen go fullscreen go fullscreen go fullscreen go fullscreen go fullscreen go fullscreen go fullscreen go fullscreen go fullscreen go fullscreen go fullscreen go fullscreen go fullscreen go fullscreen go fullscreen go fullscreen go fullscreen go fullscreen go fullscreen go fullscreen go fullscreen go fullscreen go fullscreen,FULL_SCREEN
Go fullscreen fullscreen go fullscreen go fullscreen go fullscreen go fullscreen go fullscreen go fullscreen go fullscreen go fullscreen go fullscreen go fullscreen go fullscreen go fullscreen go fullscreen go fullscreen go fullscreen go fullscreen go fullscreen go fullscreen go fullscreen go fullscreen go fullscreen go fullscreen go fullscreen go fullscreen go fullscreen go fullscreen go fullscreen go fullscreen go fullscreen go fullscreen go fullscreen go fullscreen go fullscreen go fullscreen go fullscreen go full screen,FULL_SCREEN
Go fullscreen fullscreen go fullscreen go fullscreen go fullscreen go fullscreen go fullscreen go fullscreen go fullscreen go fullscreen go fullscreen go fullscreen go fullscreen go fullscreen go fullscreen go fullscreen go fullscreen go fullscreen go fullscreen go fullscreen go fullscreen go fullscreen go fullscreen go fullscreen go fullscreen go fullscreen go fullscreen go fullscreen go fullscreen go fullscreen go fullscreen go fullscreen go fullscreen go fullscreen go fullscreen go full screen go fullscreen go fullscreen,FULL_SCREEN
expand screen,FULL_SCREEN
Expand screen expand screen expand screen expand screen expand screen expand screen expand screen expand screen expand screen expand screen expand screen expand screen expand screen expand screen expand screen expand screen expand screen expand screen expand screen expand screen expand screen expand screen expand screen expand screen expand screen expand screen expand screen expand screen expand screen expand screen expand screen expand screen expand screen expand screen expand screen expand screen expand screen expand screen expand screen expand screen expand screen expand screen expand screen expand screen expand screen expand screen expand screen expand screen expand screen expand screen expand screen expand screen expand screen expand screen expand screen expand screen expand,FULL_SCREEN
Expand screen screen expand screen expand screen expand screen expand screen expand screen expand screen expand screen expand screen expand screen expand screen expand screen expand screen expand screen expand screen expand screen expand screen expand screen expand screen expand screen expand screen expand screen expand screen expand screen expand screen expand screen expand screen expand screen expand screen expand screen expand screen expand screen expand screen expand screen expand screen expand screen expand screen expand screen expand screen expand screen expand screen expand screen expand screen expand screen expand screen expand screen expand screen expand screen expand screen expand screen expand screen expand screen expand screen expand screen expand screen expand screen,FULL_SCREEN
Expand screen expand screen expand screen expand screen expand screen expand screen expand screen expand screen expand screen expand screen expand screen expand screen expand screen expand screen expand screen expand screen expand screen expand screen expand screen expand screen expand screen expand screen expand screen expand screen expand screen expand screen expand screen expand screen expand screen expand screen expand screen expand screen expand screen expand screen expand screen expand screen expand screen expand screen expand screen expand screen expand screen expand screen expand screen expand screen expand screen expand screen expand screen expand screen expand screen expand screen expand screen expand screen expand screen expand screen expand screen expand,FULL_SCREEN
Expand screen expand screen expand screen screen expand screen expand screen expand screen expand screen expand screen expand screen expand screen expand screen expand screen expand screen expand screen expand screen expand screen expand screen expand screen expand screen expand screen expand screen expand screen expand screen expand screen expand screen expand screen expand screen expand screen expand screen expand screen expand screen expand screen expand screen expand screen expand screen expand screen expand screen expand screen expand screen expand screen expand screen expand screen expand screen expand screen expand screen expand screen expand screen expand screen expand screen expand screen expand screen expand screen expand screen expand screen expand screen expand screen,FULL_SCREEN
Expand screen expand screen expand screen expand screen expand screen expand screen expand screen expand screen expand screen expand screen expand screen expand screen expand screen expand screen expand screen expand screen expand screen expand screen expand screen expand screen expand screen expand screen expand screen expand screen expand screen expand screen expand screen expand screen expand screen expand screen expand screen expand screen expand screen expand screen expand screen expand screen expand screen expand screen expand screen expand screen expand screen expand screen expand screen expand screen expand screen expand screen expand screen expand screen expand screen expand screen expand screen expand screen expand screen expand screen expand,FULL_SCREEN
large screen,FULL_SCREEN
Large screen large screen large screen large screen large screen large screen large screen large screen large screen large screen large screen large screen large screen large screen large screen large screen large screen large screen large screen large screen large screen large screen large screen large screen large screen large screen large screen large screen large screen large screen large screen large screen large screen large screen large screen large screen large screen large screen large screen large screen large screen large screen large screen large screen large screen large screen large screen large screen large screen large screen,FULL_SCREEN
Large screen large screen large screen large screen large screen large screen large screen large screen large screen large screen large screen large screen large screen large screen large screen large screen large screen large screen large screen large screen large screen large screen large screen large screen large screen large screen large screen large screen large screen large screen large screen large screen large screen large screen large screen large screen large screen large screen large screen large screen large screen large screen large screen large screen large screen large screen large screen large screen large screen large screen large screen large screen large screen,FULL_SCREEN
Large screen large screen large screen large screen large screen large screen large screen large screen large screen large screen large screen large screen large screen large screen large screen large screen large screen large screen large screen large screen large screen large screen large screen large screen large screen large screen large screen large screen large screen large screen large screen large screen large screen large screen large screen large screen large screen large screen large screen large screen large screen large screen large screen large screen large screen large screen large screen large screen large screen large screen large screen large screen large screen large screen,FULL_SCREEN
Large screen large screen large screen large screen large screen large screen large screen large screen large screen large screen large screen large screen large screen large screen large screen large screen large screen large screen large screen large screen large screen large screen large screen large screen large screen large screen large screen large screen large screen large screen large screen large screen large screen large screen large screen large screen large screen large screen large screen large screen large screen large screen large screen large screen large screen large screen large screen large screen large screen large screen large screen large screen,FULL_SCREEN
Large screen large screen large screen large screen large screen large screen large screen large screen large screen large screen large screen large screen large screen large screen large screen large screen large screen large screen large screen large screen large screen large screen large screen large screen large screen large screen large screen large screen large screen large screen large screen large screen large screen large screen large screen large screen large screen large screen large screen large screen large screen large screen large screen large screen large screen large screen large screen large screen large screen large screen large screen,FULL_SCREEN
view fullscreen,FULL_SCREEN
Fullscreen View Fullscreen Fullscreen View Fullscreen View Fullscreen View Fullscreen View Fullscreen View Fullscreen View Fullscreen View Fullscreen View Fullscreen View Fullscreen View Fullscreen View Fullscreen View Fullscreen View Fullscreen View Fullscreen View Fullscreen View Fullscreen View Fullscreen View Fullscreen View Fullscreen View Fullscreen View Fullscreen View Fullscreen View Fullscreen View Fullscreen View Fullscreen View Fullscreen View Fullscreen View Fullscreen View Fullscreen View Fullscreen View Fullscreen,FULL_SCREEN
Fullscreen View Fullscreen Fullscreen View Fullscreen Fullscreen View Fullscreen View Fullscreen View Fullscreen View Fullscreen View Fullscreen View Fullscreen View Fullscreen View Fullscreen View Fullscreen View Fullscreen View Fullscreen View Fullscreen View Fullscreen View Fullscreen View Fullscreen View Fullscreen View Fullscreen View Fullscreen View Fullscreen View Fullscreen View Fullscreen View Fullscreen View Fullscreen View Fullscreen View Fullscreen View Fullscreen View Fullscreen View Fullscreen View Fullscreen View Fullscreen View Fullscreen View Fullscreen,FULL_SCREEN
Fullscreen View Fullscreen Fullscreen View Fullscreen View Fullscreen View Fullscreen View Fullscreen View Fullscreen View Fullscreen View Fullscreen View Fullscreen View Fullscreen View Fullscreen View Fullscreen View Fullscreen View Fullscreen View Fullscreen View Fullscreen View Fullscreen View Fullscreen View Fullscreen View Fullscreen View Fullscreen View Fullscreen View Fullscreen View Fullscreen View Fullscreen View Fullscreen View Fullscreen View Fullscreen View Fullscreen View Fullscreen View Fullscreen View Fullscreen View Fullscreen View Fullscreen View Fullscreen,FULL_SCREEN
Fullscreen View Fullscreen Fullscreen View Fullscreen View Fullscreen View Fullscreen View Fullscreen View Fullscreen View Fullscreen View Fullscreen View Fullscreen View Fullscreen View Fullscreen View Fullscreen View Fullscreen View Fullscreen View Fullscreen View Fullscreen View Fullscreen View Fullscreen View Fullscreen View Fullscreen View Fullscreen View Fullscreen View Fullscreen View Fullscreen View Fullscreen View Fullscreen View Fullscreen View Fullscreen View Fullscreen View Fullscreen View Fullscreen View Fullscreen View Fullscreen View Fullscreen,FULL_SCREEN
Fullscreen View Fullscreen Fullscreen View Fullscreen Fullscreen View Fullscreen View Fullscreen View Fullscreen View Fullscreen View Fullscreen View Fullscreen View Fullscreen View Fullscreen View Fullscreen View Fullscreen View Fullscreen View Fullscreen View Fullscreen View Fullscreen View Fullscreen View Fullscreen View Fullscreen View Fullscreen View Fullscreen View Fullscreen View Fullscreen View Fullscreen View Fullscreen View Fullscreen View Fullscreen View Fullscreen View Fullscreen View Fullscreen View Fullscreen,FULL_SCREEN
exit fullscreen,EXIT_FULL_SCREEN
Fullscreen exit fullscreen exit fullscreen exit Fullscreen exit Fullscreen exit Fullscreen exit Fullscreen exit Fullscreen exit Fullscreen exit Fullscreen exit Fullscreen exit Fullscreen exit Fullscreen exit Fullscreen exit Fullscreen exit Fullscreen exit Fullscreen exit Fullscreen exit Fullscreen exit Fullscreen exit Fullscreen exit Fullscreen exit Fullscreen exit Fullscreen exit Fullscreen exit Fullscreen exit Fullscreen exit Fullscreen exit Fullscreen exit Fullscreen exit Fullscreen exit Fullscreen exit Fullscreen exit Fullscreen exit Fullscreen exit Fullscreen exit Fullscreen exit Fullscreen,EXIT_FULL_SCREEN
Fullscreen exit fullscreen exit fullscreen exit fullscreen exit Fullscreen exit Fullscreen exit Fullscreen exit Fullscreen exit Fullscreen exit Fullscreen exit Fullscreen exit Fullscreen exit Fullscreen exit Fullscreen exit Fullscreen exit Fullscreen exit Fullscreen exit Fullscreen exit Fullscreen exit Fullscreen exit Fullscreen exit Fullscreen exit Fullscreen exit Fullscreen exit Fullscreen exit Fullscreen exit Fullscreen exit Fullscreen exit Fullscreen exit Fullscreen exit Fullscreen exit Fullscreen exit Fullscreen exit Fullscreen exit Fullscreen exit Fullscreen exit Fullscreen exit Fullscreen,EXIT_FULL_SCREEN
Fullscreen exit fullscreen exit fullscreen exit fullscreen exit fullscreen exit fullscreen exit fullscreen exit fullscreen exit fullscreen exit fullscreen exit fullscreen exit fullscreen exit fullscreen exit fullscreen exit fullscreen exit fullscreen exit fullscreen exit fullscreen exit fullscreen exit fullscreen exit fullscreen exit fullscreen exit fullscreen exit fullscreen exit fullscreen exit fullscreen exit fullscreen exit fullscreen exit fullscreen exit fullscreen exit fullscreen exit fullscreen exit fullscreen exit fullscreen exit fullscreen exit fullscreen exit fullscreen exit fullscreen,EXIT_FULL_SCREEN
Fullscreen exit fullscreen exit fullscreen exit Fullscreen exit Fullscreen exit Fullscreen exit Fullscreen exit Fullscreen exit Fullscreen exit Fullscreen exit Fullscreen exit Fullscreen exit Fullscreen exit Fullscreen exit Fullscreen exit Fullscreen exit Fullscreen exit Fullscreen exit Fullscreen exit Fullscreen exit Fullscreen exit Fullscreen exit Fullscreen exit Fullscreen exit Fullscreen exit Fullscreen exit Fullscreen exit Fullscreen exit Fullscreen exit Fullscreen exit Fullscreen exit Fullscreen exit Fullscreen exit Fullscreen exit Fullscreen exit Fullscreen exit Fullscreen exit fullscreen,EXIT_FULL_SCREEN
Fullscreen exit fullscreen exit fullscreen exit Fullscreen exit Fullscreen exit Fullscreen exit Fullscreen exit Fullscreen exit Fullscreen exit Fullscreen exit Fullscreen exit Fullscreen exit Fullscreen exit Fullscreen exit Fullscreen exit Fullscreen exit Fullscreen exit Fullscreen exit Fullscreen exit Fullscreen exit Fullscreen exit Fullscreen exit Fullscreen exit Fullscreen exit Fullscreen exit Fullscreen exit Fullscreen exit Fullscreen exit Fullscreen exit Fullscreen exit Fullscreen exit Fullscreen exit Fullscreen exit Fullscreen exit Fullscreen exit Fullscreen exit fullscreen exit Fullscreen,EXIT_FULL_SCREEN
leave fullscreen,EXIT_FULL_SCREEN
Leave fullscreen to fullscreen to leave fullscreen,EXIT_FULL_SCREEN
Leave fullscreen fullscreen to leave fullscreen,EXIT_FULL_SCREEN
Leave fullscreen to fullscreen - Fullscreen - Leave Fullscreen -,EXIT_FULL_SCREEN
Leave fullscreen to fullscreen - Fullscreen - Leave fullscreen -,EXIT_FULL_SCREEN
Leave fullscreen to fullscreen - Fullscreen - Leave Fullscreen - Leave,EXIT_FULL_SCREEN
normal screen,EXIT_FULL_SCREEN
Normal screen normal screen normal screen normal screen normal screen normal screen normal screen normal screen normal screen normal screen normal screen normal screen normal screen normal screen normal screen normal screen normal screen normal screen normal screen normal screen normal screen normal screen normal screen normal screen normal screen normal screen normal screen normal screen normal screen normal screen normal screen normal screen normal screen normal screen normal screen normal screen normal screen normal screen normal screen normal screen normal screen normal screen normal screen normal screen normal screen normal screen normal screen normal screen normal screen normal,EXIT_FULL_SCREEN
Normal screen normal screen normal screen normal screen normal screen normal screen normal screen normal screen normal screen normal screen normal screen normal screen normal screen normal screen normal screen normal screen normal screen normal screen normal screen normal screen normal screen normal screen normal screen normal screen normal screen normal screen normal screen normal screen normal screen normal screen normal screen normal screen normal screen normal screen normal screen normal screen normal screen normal screen normal screen normal screen normal screen normal screen normal screen normal screen normal screen normal screen normal screen normal screen normal screen normal screen normal screen normal screen normal screen normal screen normal,EXIT_FULL_SCREEN
Normal screen normal screen normal screen normal screen normal screen normal screen normal screen normal screen normal screen normal screen normal screen normal screen normal screen normal screen normal screen normal screen normal screen normal screen normal screen normal screen normal screen normal screen normal screen normal screen normal screen normal screen normal screen normal screen normal screen normal screen normal screen normal screen normal screen normal screen normal screen normal screen normal screen normal screen normal screen normal screen normal screen normal screen normal screen normal screen normal screen normal screen normal screen normal screen normal screen normal screen normal screen normal screen normal screen normal,EXIT_FULL_SCREEN
Normal screen normal screen normal screen normal screen normal screen normal screen normal screen normal screen normal screen normal screen normal screen normal screen normal screen normal screen normal screen normal screen normal screen normal screen normal screen normal screen normal screen normal screen normal screen normal screen normal screen normal screen normal screen normal screen normal screen normal screen normal screen normal screen normal screen normal screen normal screen normal screen normal screen normal screen normal screen normal screen normal screen normal screen normal screen normal screen normal screen normal screen normal screen normal screen normal screen normal screen normal,EXIT_FULL_SCREEN
Normal screen normal screen normal screen normal screen normal screen normal screen normal screen normal screen normal screen normal screen normal screen normal screen normal screen normal screen normal screen normal screen normal screen normal screen normal screen normal screen normal screen normal screen normal screen normal screen normal screen normal screen normal screen normal screen normal screen normal screen normal screen normal screen normal screen normal screen normal screen normal screen normal screen normal screen normal screen normal screen normal screen normal screen normal screen normal screen normal screen normal screen normal screen normal screen normal screen normal screen normal screen normal screen normal,EXIT_FULL_SCREEN
minimize fullscreen,EXIT_FULL_SCREEN
Minimize fullscreen fullscreen fullscreen to minimize fullscreen fullscreen to minimize fullscreen fullscreen to minimize fullscreen fullscreen to minimize fullscreen fullscreen fullscreen to minimize fullscreen fullscreen fullscreen to minimize fullscreen fullscreen to minimize fullscreen fullscreen fullscreen to minimize fullscreen fullscreen fullscreen to minimize fullscreen fullscreen fullscreen to minimize fullscreen fullscreen fullscreen to minimize fullscreen fullscreen fullscreen to minimize fullscreen fullscreen fullscreen to minimize fullscreen fullscreen to minimize fullscreen fullscreen to minimize fullscreen,EXIT_FULL_SCREEN
Minimize fullscreen fullscreen fullscreen to minimize fullscreen fullscreen to minimize fullscreen fullscreen to minimize fullscreen fullscreen to minimize fullscreen fullscreen fullscreen to minimize fullscreen fullscreen fullscreen to minimize fullscreen fullscreen to minimize fullscreen fullscreen fullscreen to minimize fullscreen fullscreen fullscreen to minimize fullscreen fullscreen fullscreen to minimize fullscreen fullscreen fullscreen to minimize fullscreen fullscreen fullscreen to minimize fullscreen fullscreen to minimize fullscreen fullscreen to minimize fullscreen fullscreen fullscreen to minimize fullscreen,EXIT_FULL_SCREEN
Minimize fullscreen fullscreen fullscreen to minimize fullscreen fullscreen to minimize fullscreen fullscreen to minimize fullscreen fullscreen to minimize fullscreen fullscreen fullscreen to minimize fullscreen fullscreen fullscreen to minimize fullscreen fullscreen to minimize fullscreen fullscreen fullscreen to minimize fullscreen fullscreen fullscreen to minimize fullscreen fullscreen fullscreen to minimize fullscreen fullscreen fullscreen to minimize fullscreen fullscreen to minimize fullscreen fullscreen fullscreen to minimize fullscreen fullscreen to minimize fullscreen fullscreen fullscreen to minimize fullscreen,EXIT_FULL_SCREEN
Minimize fullscreen fullscreen fullscreen to minimize fullscreen fullscreen to minimize fullscreen fullscreen to minimize fullscreen fullscreen to minimize fullscreen fullscreen fullscreen to minimize fullscreen fullscreen fullscreen to minimize fullscreen fullscreen to minimize fullscreen fullscreen fullscreen to minimize fullscreen fullscreen fullscreen to minimize fullscreen fullscreen fullscreen to minimize fullscreen fullscreen fullscreen to minimize fullscreen fullscreen fullscreen to minimize fullscreen fullscreen fullscreen to minimize fullscreen fullscreen to minimize fullscreen fullscreen fullscreen to minimize,EXIT_FULL_SCREEN
Minimize fullscreen fullscreen fullscreen to minimize fullscreen fullscreen to minimize fullscreen fullscreen to minimize fullscreen fullscreen to minimize fullscreen fullscreen fullscreen to minimize fullscreen fullscreen fullscreen to minimize fullscreen fullscreen to minimize fullscreen fullscreen fullscreen to minimize fullscreen fullscreen fullscreen to minimize fullscreen fullscreen fullscreen to minimize fullscreen fullscreen fullscreen to minimize fullscreen fullscreen fullscreen to minimize fullscreen fullscreen fullscreen to minimize fullscreen fullscreen to minimize fullscreen fullscreen fullscreen minimizes,EXIT_FULL_SCREEN
restore window,EXIT_FULL_SCREEN
Restore window restore window restore windows restore window restore windows restore windows restore windows restore windows restore windows restore windows restore windows restore windows restore windows restore windows restore windows restore windows restore windows restore windows restore windows restore windows restore windows restore windows restore windows restore windows restore windows restore windows restore windows restore windows restore windows restore windows restore windows restore windows restore windows restore windows restore windows restore windows restore windows restore windows restore windows restore windows restore windows restore windows restore windows restore windows restore windows restore windows restore windows restore windows restore windows restore windows restore windows restore windows restore windows restore windows restore windows restore windows,EXIT_FULL_SCREEN
Restore window restore window restore window restore windows restore windows restore windows restore windows restore windows restore windows restore windows restore windows restore windows restore windows restore windows restore windows restore windows restore windows restore windows restore windows restore windows restore windows restore windows restore windows restore windows restore windows restore windows restore windows restore windows restore windows restore windows restore windows restore windows restore windows restore windows restore windows restore windows restore windows restore windows restore windows restore windows restore windows restore windows restore windows restore windows restore windows restore windows restore windows restore windows restore windows restore windows restore windows restore windows restore windows restore windows restore windows restore windows,EXIT_FULL_SCREEN
Restore window restore window restore window restore windows restore windows restore windows restore windows restore windows restore windows restore windows restore windows restore windows restore windows restore windows restore windows restore windows restore windows restore windows restore windows restore windows restore windows restore windows restore windows restore windows restore windows restore windows restore windows restore windows restore windows restore windows restore windows restore windows restore windows restore windows restore windows restore windows restore windows restore windows restore windows restore windows restore windows restore windows restore windows restore windows restore windows restore windows restore windows restore windows restore windows restore windows restore windows restore windows restore windows restore windows restore windows restore,EXIT_FULL_SCREEN
Restore window restore window restore windows restore window restore windows restore windows restore windows restore windows restore windows restore windows restore windows restore windows restore windows restore windows restore windows restore windows restore windows restore windows restore windows restore windows restore windows restore windows restore windows restore windows restore windows restore windows restore windows restore windows restore windows restore windows restore windows restore windows restore windows restore windows restore windows restore windows restore windows restore windows restore windows restore windows restore windows restore windows restore windows restore windows restore windows restore windows restore windows restore windows restore windows restore windows restore windows restore windows restore windows restore windows restore,EXIT_FULL_SCREEN
Restore window restore window restore window restore windows restore windows restore windows restore windows restore windows restore windows restore windows restore windows restore windows restore windows restore windows restore windows restore windows restore windows restore windows restore windows restore windows restore windows restore windows restore windows restore windows restore windows restore windows restore windows restore windows restore windows restore windows restore windows restore windows restore windows restore windows restore windows restore windows restore windows restore windows restore windows restore windows restore windows restore windows restore windows restore windows restore windows restore windows restore windows restore windows restore windows restore windows restore windows restore windows restore windows restore windows restore,EXIT_FULL_SCREEN
back to normal,EXIT_FULL_SCREEN
Normal should return to normal again.,EXIT_FULL_SCREEN
Normal should return to normal again to normal.,EXIT_FULL_SCREEN
Back to normal to normal again.,EXIT_FULL_SCREEN
Back to normal normal is back to normal.,EXIT_FULL_SCREEN
Normal should return to normal once again .,EXIT_FULL_SCREEN
shrink fullscreen,EXIT_FULL_SCREEN
Fullscreen shrink fullscreen shrink fullscreen shrink fullscreen shrink shrink fullscreen shrink shrink fullscreen shrink shrink fullscreen shrink shrink fullscreen shrink shrink fullscreen shrink shrink fullscreen shrink shrink fullscreen shrink shrink fullscreen shrink shrink fullscreen shrink shrink fullscreen shrink shrink fullscreen shrink shrink fullscreen shrink shrink fullscreen shrink shrink fullscreen shrink shrink fullscreen shrink shrink fullscreen shrink shrink fullscreen shrink shrink fullscreen shrink shrink fullscreen shrink shrink fullscreen shrink shrink fullscreen shrink shrink fullscreen shrink shrink fullscreen shrink shrink fullscreen shrink shrink fullscreen shrink shrink,EXIT_FULL_SCREEN
Fullscreen shrink fullscreen shrink fullscreen shrink fullscreen shrink shrink fullscreen shrink shrink fullscreen shrink shrink fullscreen shrink shrink fullscreen shrink shrink fullscreen shrink shrink fullscreen shrink shrink fullscreen shrink shrink fullscreen shrink shrink fullscreen shrink shrink fullscreen shrink shrink fullscreen shrink shrink fullscreen shrink shrink fullscreen shrink shrink fullscreen shrink shrink fullscreen shrink shrink fullscreen shrink shrink fullscreen shrink shrink fullscreen shrink shrink fullscreen shrink shrink fullscreen shrink shrink fullscreen shrink shrink fullscreen shrink shrink fullscreen shrink shrink shrink fullscreen shrink shrink fullscreen shrink,EXIT_FULL_SCREEN
Fullscreen shrink fullscreen shrink fullscreen shrink fullscreen shrink shrink fullscreen shrink shrink fullscreen shrink shrink fullscreen shrink shrink fullscreen shrink shrink fullscreen shrink shrink fullscreen shrink shrink fullscreen shrink shrink fullscreen shrink shrink fullscreen shrink shrink fullscreen shrink shrink fullscreen shrink shrink fullscreen shrink shrink fullscreen shrink shrink fullscreen shrink shrink fullscreen shrink shrink fullscreen shrink shrink fullscreen shrink shrink fullscreen shrink shrink fullscreen shrink shrink fullscreen shrink shrink fullscreen shrink shrink fullscreen shrink shrink fullscreen shrink shrink shrink fullscreen shrink shrink shrink fullscreen,EXIT_FULL_SCREEN
Fullscreen shrink fullscreen shrink fullscreen shrink fullscreen shrink shrink fullscreen shrink shrink fullscreen shrink shrink fullscreen shrink shrink fullscreen shrink shrink fullscreen shrink shrink fullscreen shrink shrink fullscreen shrink shrink fullscreen shrink shrink fullscreen shrink shrink fullscreen shrink shrink fullscreen shrink shrink fullscreen shrink shrink fullscreen shrink shrink fullscreen shrink shrink fullscreen shrink shrink fullscreen shrink shrink fullscreen shrink shrink fullscreen shrink shrink fullscreen shrink shrink fullscreen shrink shrink fullscreen shrink shrink shrink fullscreen shrink shrink shrink fullscreen shrink shrink shrink fullscreen shrink shrink shrink,EXIT_FULL_SCREEN
Fullscreen shrink fullscreen shrink fullscreen shrink fullscreen shrink shrink fullscreen shrink shrink fullscreen shrink shrink fullscreen shrink shrink fullscreen shrink shrink fullscreen shrink shrink fullscreen shrink shrink fullscreen shrink shrink fullscreen shrink shrink fullscreen shrink shrink fullscreen shrink shrink fullscreen shrink shrink fullscreen shrink shrink fullscreen shrink shrink fullscreen shrink shrink fullscreen shrink shrink fullscreen shrink shrink fullscreen shrink shrink fullscreen shrink shrink fullscreen shrink shrink fullscreen shrink shrink shrink fullscreen shrink shrink fullscreen shrink shrink shrink fullscreen shrink shrink shrink fullscreen shrink shrink shrink,EXIT_FULL_SCREEN
turn off fullscreen,EXIT_FULL_SCREEN
Turn off fullscreen on fullscreen to turn off fullscreen,EXIT_FULL_SCREEN
Turn off fullscreen on fullscreen to turn off fullscreen .,EXIT_FULL_SCREEN
Turn off fullscreen to turn off fullscreen,EXIT_FULL_SCREEN
Turn off Fullscreen Fullscreen to turn off fullscreen .,EXIT_FULL_SCREEN
Turn off fullscreen on fullscreen to turn off full screen.,EXIT_FULL_SCREEN
restore default size,EXIT_FULL_SCREEN
Restore default size restore default size,EXIT_FULL_SCREEN
Restore default size restore default size restore default size,EXIT_FULL_SCREEN
Restore default size to restore default size,EXIT_FULL_SCREEN
Restore default size of default size restore default size,EXIT_FULL_SCREEN
Restore default size restore default size to restore default size,EXIT_FULL_SCREEN
out of fullscreen,EXIT_FULL_SCREEN
Fullscreen out of Fullscreen out of Fullscreen out of Fullscreen out of Fullscreen out of Fullscreen out of Fullscreen out of Fullscreen out of Fullscreen out of Fullscreen out of Fullscreen out of Fullscreen out of Fullscreen out of Fullscreen out of Fullscreen out of Fullscreen out of Fullscreen out of Fullscreen out of Fullscreen out of Fullscreen out of Fullscreen out of Fullscreen out of Fullscreen out of Fullscreen out of Fullscreen out of Fullscreen out of Fullscreen out,EXIT_FULL_SCREEN
Fullscreen out of Fullscreen out of Fullscreen out of Fullscreen out of Fullscreen out of Fullscreen out of Fullscreen out of Fullscreen out of Fullscreen out of Fullscreen out of Fullscreen out of Fullscreen out of Fullscreen out of Fullscreen out of Fullscreen out of Fullscreen out of Fullscreen out of Fullscreen out of Fullscreen out of Fullscreen out of Fullscreen out of Fullscreen out of Fullscreen out of Fullscreen out of Fullscreen out of Fullscreen out of Fullscreen out of Fullscreen out,EXIT_FULL_SCREEN
Fullscreen out of Fullscreen out of Fullscreen out of Fullscreen out of Fullscreen out of Fullscreen out of Fullscreen out of Fullscreen out of Fullscreen out of Fullscreen out of Fullscreen out of Fullscreen out of Fullscreen out of Fullscreen out of Fullscreen out of Fullscreen out of Fullscreen out of Fullscreen out of Fullscreen out of Fullscreen out of Fullscreen out of Fullscreen out of Fullscreen out of Fullscreen out of Fullscreen out of Fullscreen out,EXIT_FULL_SCREEN
Fullscreen out of Fullscreen out of Fullscreen out of Fullscreen out of Fullscreen out of Fullscreen out of Fullscreen out of Fullscreen out of Fullscreen out of Fullscreen out of Fullscreen out of Fullscreen out of Fullscreen out of Fullscreen out of Fullscreen out of Fullscreen out of Fullscreen out of Fullscreen out of Fullscreen out of Fullscreen out of Fullscreen out of Fullscreen out of Fullscreen out of Fullscreen out of Fullscreen out of Fullscreen out of Fullscreen out of,EXIT_FULL_SCREEN
Fullscreen out of Fullscreen out of Fullscreen out of Fullscreen out of Fullscreen out of Fullscreen out of Fullscreen out of Fullscreen out of Fullscreen out of Fullscreen out of Fullscreen out of Fullscreen out of Fullscreen out of Fullscreen out of Fullscreen out of Fullscreen out of Fullscreen out of Fullscreen out of Fullscreen out of Fullscreen out of Fullscreen out of Fullscreen out of Fullscreen out of Fullscreen out of Fullscreen out,EXIT_FULL_SCREEN
open Gmail,OPEN_GMAIL
Gmail open Gmail open Gmail open Gmail open Gmail open Gmail open Gmail open Gmail open Gmail open Gmail open Gmail open Gmail open Gmail open Gmail open Gmail open Gmail open Gmail open Gmail open Gmail open Gmail open Gmail open Gmail open Gmail open Gmail open Gmail open Gmail open Gmail open Gmail open Gmail open Gmail open Gmail open Gmail open Gmail open Gmail open Gmail open Gmail open Gmail open Gmail,OPEN_GMAIL
Gmail opens Gmail open Gmail open Gmail open Gmail open Gmail open Gmail open Gmail open Gmail open Gmail open Gmail open Gmail open Gmail open Gmail open Gmail open Gmail open Gmail open Gmail open Gmail open Gmail open Gmail open Gmail open Gmail open Gmail open Gmail open Gmail open Gmail open Gmail open Gmail open Gmail open Gmail open Gmail open Gmail open Gmail open Gmail open Gmail open Gmail open Gmail,OPEN_GMAIL
Gmail open Gmail open Gmail open Gmail open Gmail open Gmail open Gmail open Gmail open Gmail open Gmail open Gmail open Gmail open Gmail open Gmail open Gmail open Gmail open Gmail open Gmail open Gmail open Gmail open Gmail open Gmail open Gmail open Gmail open Gmail open Gmail open Gmail open Gmail open Gmail open Gmail open Gmail open Gmail open Gmail open Gmail open Gmail open Gmail open Gmail open Open G,OPEN_GMAIL
Gmail open Gmail open Gmail open Gmail open Gmail open Gmail open Gmail open Gmail open Gmail open Gmail open Gmail open Gmail open Gmail open Gmail open Gmail open Gmail open Gmail open Gmail open Gmail open Gmail open Gmail open Gmail open Gmail open Gmail open Gmail open Gmail open Gmail open Gmail open Gmail open Gmail open Gmail open Gmail open Gmail open Gmail open Gmail open Gmail open Open Gmail open G,OPEN_GMAIL
Gmail open Gmail open Gmail open Gmail open Gmail open Gmail open Gmail open Gmail open Gmail open Gmail open Gmail open Gmail open Gmail open Gmail open Gmail open Gmail open Gmail open Gmail open Gmail open Gmail open Gmail open Gmail open Gmail open Gmail open Gmail open Gmail open Gmail open Gmail open Gmail open Gmail open Gmail open Gmail open Gmail open Gmail open Gmail open Open Gmail open Gmail open G,OPEN_GMAIL
launch Gmail,OPEN_GMAIL
Launch Gmail Gmail Launch Gmail Launch Gmail Launch Gmail Launch Gmail Launch Gmail Launch Gmail Launch Gmail Launch Gmail Launch Gmail Launch Gmail Launch Gmail Launch Gmail Launch Gmail Launch Gmail Launch Gmail Launch Gmail Launch Gmail Launch Gmail Launch Gmail Launch Gmail Launch Gmail Launch Gmail Launch Gmail Launch Gmail Launch Gmail Launch Gmail Launch Gmail Launch Gmail Launch Gmail Launch Gmail Launch Gmail Launch Gmail Launch Gmail Launch Gmail Launch Gmail Launch Gmail,OPEN_GMAIL
Launch Gmail Gmail Launch Gmail Launch Gmail Launch Gmail Launch Gmail Launch Gmail Launch Gmail Launch Gmail Launch Gmail Launch Gmail Launch Gmail Launch Gmail Launch Gmail Launch Gmail Launch Gmail Launch Gmail Launch Gmail Launch Gmail Launch Gmail Launch Gmail Launch Gmail Launch Gmail Launch Gmail Launch Gmail Launch Gmail Launch Gmail Launch Gmail Launch Gmail Launch Gmail Launch Gmail Launch Gmail Launch Gmail Launch Gmail Launch Gmail Launch Gmail Launch Gmail launch Gmail,OPEN_GMAIL
Launch Gmail Gmail Launch Gmail Launch Gmail Launch Gmail Launch Gmail Launch Gmail Launch Gmail Launch Gmail Launch Gmail Launch Gmail Launch Gmail Launch Gmail Launch Gmail Launch Gmail Launch Gmail Launch Gmail Launch Gmail Launch Gmail Launch Gmail Launch Gmail Launch Gmail Launch Gmail Launch Gmail Launch Gmail Launch Gmail Launch Gmail Launch Gmail Launch Gmail Launch Gmail Launch Gmail Launch Gmail Launch Gmail launch Gmail Launch Gmail Launch Gmail Launch Gmail Launch Gmail,OPEN_GMAIL
Launch Gmail Gmail Launch Gmail Launch Gmail Launch Gmail Launch Gmail Launch Gmail Launch Gmail Launch Gmail Launch Gmail Launch Gmail Launch Gmail Launch Gmail Launch Gmail Launch Gmail Launch Gmail Launch Gmail Launch Gmail Launch Gmail Launch Gmail Launch Gmail Launch Gmail Launch Gmail Launch Gmail Launch Gmail Launch Gmail Launch Gmail Launch Gmail Launch Gmail Launch Gmail Launch Gmail Launch Gmail Launch Gmail Launch Gmail Launch Gmail Launch Gmail Launch Gmail Launch Launch G,OPEN_GMAIL
Launch Gmail Gmail - Launch Gmail - Launch Gmail - Launch Gmail - Launch Gmail - Launch Gmail - Launch Gmail - Launch Gmail - Launch Gmail - Launch Gmail - Launch Gmail - Launch Gmail - Launch Gmail - Launch Gmail - Launch Gmail - Launch Gmail - Launch Gmail - Launch Gmail - Launch Gmail - Launch Gmail - Launch Gmail - Launch Gmail - Launch,OPEN_GMAIL
go to Gmail,OPEN_GMAIL
Go to Gmail. Go to Gmail,OPEN_GMAIL
Go to Gmail . Go to Gmail,OPEN_GMAIL
Go to Gmail . Go to Gmail .,OPEN_GMAIL
Go to Gmail to Go to Gmail .,OPEN_GMAIL
Go to Gmail .,OPEN_GMAIL
start Gmail,OPEN_GMAIL
Gmail Gmail start Gmail Gmail Gmail Gmail Gmail Gmail Gmail Gmail Gmail Gmail Gmail Gmail Gmail Gmail Gmail Gmail Gmail Gmail Gmail Gmail Gmail Gmail Gmail Gmail Gmail Gmail Gmail Gmail Gmail Gmail Gmail Gmail Gmail Gmail Gmail Gmail Gmail Gmail Gmail Gmail Gmail Gmail Gmail Gmail Gmail Gmail Gmail Gmail Gmail Gmail Gmail Gmail Gmail Gmail,OPEN_GMAIL
Gmail Gmail start Gmail Gmail start Gmail Gmail Gmail Gmail Gmail Gmail Gmail Gmail Gmail Gmail Gmail Gmail Gmail Gmail Gmail Gmail Gmail Gmail Gmail Gmail Gmail Gmail Gmail Gmail Gmail Gmail Gmail Gmail Gmail Gmail Gmail Gmail Gmail Gmail Gmail Gmail Gmail Gmail Gmail Gmail Gmail Gmail Gmail Gmail Gmail Gmail Gmail Gmail Gmail Gmail Gmail G,OPEN_GMAIL
Gmail Gmail start Gmail Gmail Gmail start Gmail Gmail Gmail Gmail Gmail Gmail Gmail Gmail Gmail Gmail Gmail Gmail Gmail Gmail Gmail Gmail Gmail Gmail Gmail Gmail Gmail Gmail Gmail Gmail Gmail Gmail Gmail Gmail Gmail Gmail Gmail Gmail Gmail Gmail Gmail Gmail Gmail Gmail Gmail Gmail Gmail Gmail Gmail Gmail Gmail Gmail Gmail Gmail Gmail Gmail G,OPEN_GMAIL
Gmail Gmail start Gmail Gmail Gmail Gmail Gmail start Gmail Gmail Gmail Gmail Gmail Gmail Gmail Gmail Gmail Gmail Gmail Gmail Gmail Gmail Gmail Gmail Gmail Gmail Gmail Gmail Gmail Gmail Gmail Gmail Gmail Gmail Gmail Gmail Gmail Gmail Gmail Gmail Gmail Gmail Gmail Gmail Gmail Gmail Gmail Gmail Gmail Gmail Gmail Gmail Gmail Gmail Gmail Gmail G,OPEN_GMAIL
Gmail Gmail start Gmail Gmail Gmail Gmail start Gmail Gmail Gmail Gmail Gmail Gmail Gmail Gmail Gmail Gmail Gmail Gmail Gmail Gmail Gmail Gmail Gmail Gmail Gmail Gmail Gmail Gmail Gmail Gmail Gmail Gmail Gmail Gmail Gmail Gmail Gmail Gmail Gmail Gmail Gmail Gmail Gmail Gmail Gmail Gmail Gmail Gmail Gmail Gmail Gmail Gmail Gmail Gmail Gmail G,OPEN_GMAIL
open mail,OPEN_GMAIL
Open mail open mail open mail open mail open mail open mail open mail open mail open mail open mail open mail open mail open mail open mail open mail open mail open mail open mail open mail open mail open mail open mail open mail open mail open mail open mail open mail open mail open mail open mail open mail open mail open mail open mail open mail open mail open mail open mail open mail open mail open mail open mail open mail open mail open mail open mail open mail open mail open mail open mail open mail open mail open mail open mail open mail open mail open,OPEN_GMAIL
Open Mail open mail is open mail open mail open mail open mail open mail open mail open mail open mail open mail open mail open mail open mail open mail open mail open mail open mail open mail open mail open mail open mail open mail open mail open mail open mail open mail open mail open mail open mail open mail open mail open mail open mail open mail open mail open mail open mail open mail open mail open mail open mail open mail open mail open mail open mail open mail open mail open mail open mail open mail open mail open mail open mail open mail open mail,OPEN_GMAIL
Open mail open mail open mail open mail open mail open mail open mail open mail open mail open mail open mail open mail open mail open mail open mail open mail open mail open mail open mail open mail open mail open mail open mail open mail open mail open mail open mail open mail open mail open mail open mail open mail open mail open mail open mail open mail open mail open mail open mail open mail open mail open mail open mail open mail open mail open mail open mail open mail open mail open mail open mail open mail open mail open mail open mail,OPEN_GMAIL
Open mail open mail open mail open mail open mail open mail open mail open mail open mail open mail open mail open mail open mail open mail open mail open mail open mail open mail open mail open mail open mail open mail open mail open mail open mail open mail open mail open mail open mail open mail open mail open mail open mail open mail open mail open mail open mail open mail open mail open mail open mail open mail open mail open mail open mail open mail open mail open mail open mail open mail open mail open mail open mail,OPEN_GMAIL
Open mail open mail open mail open mail open mail open mail open mail open mail open mail open mail open mail open mail open mail open mail open mail open mail open mail open mail open mail open mail open mail open mail open mail open mail open mail open mail open mail open mail open mail open mail open mail open mail open mail open mail open mail open mail open mail open mail open mail open mail open mail open mail open mail open mail open mail open mail open mail open mail open mail open mail open mail open mail,OPEN_GMAIL
check Gmail,OPEN_GMAIL
Gmail check Gmail .,OPEN_GMAIL
Gmail check Gmail.,OPEN_GMAIL
Gmail Gmail check Gmail .,OPEN_GMAIL
Gmail check Gmail,OPEN_GMAIL
Gmail Gmail check Gmail check Gmail,OPEN_GMAIL
show Gmail,OPEN_GMAIL
Show Gmail Gmail shows,OPEN_GMAIL
Gmail shows Gmail to Show Gmail,OPEN_GMAIL
Show Gmail Gmail shows.,OPEN_GMAIL
Gmail shows Gmail to Gmail .,OPEN_GMAIL
Show Gmail Gmail shows Gmail,OPEN_GMAIL
Gmail please,OPEN_GMAIL
Please use Gmail please.,OPEN_GMAIL
Please use Gmail please .,OPEN_GMAIL
Please contact Gmail please.,OPEN_GMAIL
"Please use Gmail please, Gmail please.",OPEN_GMAIL
"Please use Gmail please, please.",OPEN_GMAIL
access Gmail,OPEN_GMAIL
Gmail access Gmail access Gmail access Gmail access Gmail access Gmail access Gmail access Gmail access Gmail access Gmail access Gmail access Gmail access Gmail access Gmail access Gmail access Gmail access Gmail access Gmail access Gmail access Gmail access Gmail access Gmail access Gmail access Gmail access Gmail access Gmail access Gmail access Gmail access Gmail access Gmail access Gmail access Gmail access Gmail access Gmail access Gmail access Gmail access Gmail access Gmail,OPEN_GMAIL
Gmail access Gmail access Gmail access Gmail access Gmail access Gmail access Gmail access Gmail access Gmail access Gmail access Gmail access Gmail access Gmail access Gmail access Gmail access Gmail access Gmail access Gmail access Gmail access Gmail access Gmail access Gmail access Gmail access Gmail access Gmail access Gmail access Gmail access Gmail access Gmail access Gmail access Gmail access Gmail access Gmail Gmail access Gmail access Gmail access Gmail access Gmail access,OPEN_GMAIL
Gmail access Gmail access Gmail access Gmail access Gmail access Gmail access Gmail access Gmail access Gmail access Gmail access Gmail access Gmail access Gmail access Gmail access Gmail access Gmail access Gmail access Gmail access Gmail access Gmail access Gmail access Gmail access Gmail access Gmail access Gmail access Gmail access Gmail access Gmail access Gmail access Gmail access Gmail access Gmail access Gmail access Gmail access Gmail access Gmail access Gmail access access G,OPEN_GMAIL
Gmail access Gmail access Gmail access Gmail access Gmail access Gmail access Gmail access Gmail access Gmail access Gmail access Gmail access Gmail access Gmail access Gmail access Gmail access Gmail access Gmail access Gmail access Gmail access Gmail access Gmail access Gmail access Gmail access Gmail access Gmail access Gmail access Gmail access Gmail access Gmail access Gmail access Gmail access Gmail access Gmail access Gmail access Gmail access Gmail access access Gmail access G,OPEN_GMAIL
Gmail access Gmail access Gmail access Gmail access Gmail access Gmail access Gmail access Gmail access Gmail access Gmail access Gmail access Gmail access Gmail access Gmail access Gmail access Gmail access Gmail access Gmail access Gmail access Gmail access Gmail access Gmail access Gmail access Gmail access Gmail access Gmail access Gmail access Gmail access Gmail access Gmail access Gmail access Gmail access Gmail access Gmail access Gmail access Gmail access Gmail Gmail access,OPEN_GMAIL
go Gmail,OPEN_GMAIL
Go Gmail go Gmail,OPEN_GMAIL
Go Gmail Go Gmail,OPEN_GMAIL
Go Gmail Go Gmail Go Gmail,OPEN_GMAIL
Go to Gmail Gmail.,OPEN_GMAIL
Go Gmail Go Gmail Go Go Gmail,OPEN_GMAIL
open YouTube,OPEN_YOUTUBE
YouTube open YouTube - YouTube - Open YouTube - Open YouTube - Open YouTube - Open YouTube - Open YouTube - Open YouTube - Open YouTube - Open YouTube - Open YouTube - Open YouTube - Open YouTube - Open YouTube - Open YouTube - Open YouTube - Open YouTube - Open YouTube - Open YouTube - Open YouTube - Open YouTube - Open YouTube - Open YouTube - Open YouTube - Open YouTube - Open YouTube - Open YouTube - Open YouTube - Open,OPEN_YOUTUBE
YouTube open YouTube - YouTube - Open YouTube - Open YouTube - Open YouTube - Open YouTube - Open YouTube - Open YouTube - Open YouTube - Open YouTube - Open YouTube - Open YouTube - Open YouTube - Open YouTube - Open YouTube - Open YouTube - Open YouTube - Open YouTube - Open YouTube - Open YouTube - Open YouTube - Open YouTube - Open YouTube - Open YouTube - Open YouTube - Open YouTube - Open YouTube - Open YouTube,OPEN_YOUTUBE
YouTube open YouTube - YouTube - open YouTube - open YouTube - open YouTube - open YouTube - open YouTube - open YouTube - open YouTube - open YouTube - open YouTube - open YouTube - open YouTube - open YouTube - open YouTube - open YouTube - open YouTube - open YouTube - open YouTube - open YouTube - open YouTube - open YouTube - open YouTube - open YouTube - open YouTube - open YouTube - open YouTube - open YouTube - open,OPEN_YOUTUBE
YouTube open YouTube - YouTube - Open YouTube - Open YouTube - Open YouTube - Open YouTube - Open YouTube - Open YouTube - Open YouTube - Open YouTube - Open YouTube - Open YouTube - Open YouTube - Open YouTube - Open YouTube - Open YouTube - Open YouTube - Open YouTube - Open YouTube - Open YouTube - Open YouTube - Open YouTube - Open YouTube - Open YouTube - Open YouTube - Open YouTube - Open YouTube - Open YouTube - YouTube,OPEN_YOUTUBE
YouTube open YouTube - YouTube - Open YouTube - Open YouTube - Open YouTube - Open YouTube - Open YouTube - Open YouTube - Open YouTube - Open YouTube - Open YouTube - Open YouTube - Open YouTube - Open YouTube - Open YouTube - Open YouTube - Open YouTube - Open YouTube - Open YouTube - Open YouTube - Open YouTube - Open YouTube - Open YouTube - Open YouTube - Open YouTube - Open YouTube - Open YouTube YouTube - Open YouTube -,OPEN_YOUTUBE
launch YouTube,OPEN_YOUTUBE
YouTube launch launch YouTube,OPEN_YOUTUBE
YouTube launch YouTube launch YouTube,OPEN_YOUTUBE
YouTube launch launch YouTube launch YouTube,OPEN_YOUTUBE
YouTube launches launch YouTube,OPEN_YOUTUBE
YouTube launch YouTube launch,OPEN_YOUTUBE
go to YouTube,OPEN_YOUTUBE
Go to YouTube to go to YouTube,OPEN_YOUTUBE
Go to YouTube to go to YouTube .,OPEN_YOUTUBE
Go to YouTube to go to YouTube.,OPEN_YOUTUBE
Go to YouTube and go to YouTube .,OPEN_YOUTUBE
Go to YouTube Go to YouTube,OPEN_YOUTUBE
start YouTube,OPEN_YOUTUBE
YouTube start YouTube start YouTube start YouTube start YouTube start YouTube start YouTube start YouTube start YouTube start YouTube start YouTube start YouTube start YouTube start YouTube start YouTube start YouTube start YouTube start YouTube start YouTube start YouTube start YouTube start YouTube start YouTube start YouTube start YouTube start YouTube start YouTube start YouTube start YouTube start YouTube start YouTube start YouTube start YouTube start YouTube start YouTube start YouTube start YouTube start YouTube start YouTube start YouTube start YouTube start YouTube start YouTube start YouTube start YouTube start YouTube start YouTube YouTube start YouTube start YouTube start YouTube,OPEN_YOUTUBE
YouTube start YouTube start YouTube start YouTube start YouTube start YouTube start YouTube start YouTube start YouTube start YouTube start YouTube start YouTube start YouTube start YouTube start YouTube start YouTube start YouTube start YouTube start YouTube start YouTube start YouTube start YouTube start YouTube start YouTube start YouTube start YouTube start YouTube start YouTube start YouTube start YouTube start YouTube start YouTube start YouTube start YouTube start YouTube start YouTube start YouTube start YouTube start YouTube start YouTube start YouTube start YouTube start YouTube start YouTube start YouTube start YouTube start YouTube start YouTube start YouTube start YouTube start YouTube,OPEN_YOUTUBE
YouTube start YouTube start YouTube start YouTube start YouTube start YouTube start YouTube start YouTube start YouTube start YouTube start YouTube start YouTube start YouTube start YouTube start YouTube start YouTube start YouTube start YouTube start YouTube start YouTube start YouTube start YouTube start YouTube start YouTube start YouTube start YouTube start YouTube start YouTube start YouTube start YouTube start YouTube start YouTube start YouTube start YouTube start YouTube start YouTube start YouTube start YouTube start YouTube start YouTube start YouTube start YouTube start YouTube start YouTube start YouTube start YouTube start YouTube start YouTube start YouTube YouTube start YouTube start YouTube,OPEN_YOUTUBE
YouTube start YouTube start YouTube start YouTube start YouTube start YouTube start YouTube start YouTube start YouTube start YouTube start YouTube start YouTube start YouTube start YouTube start YouTube start YouTube start YouTube start YouTube start YouTube start YouTube start YouTube start YouTube start YouTube start YouTube start YouTube start YouTube start YouTube start YouTube start YouTube start YouTube start YouTube start YouTube start YouTube start YouTube start YouTube start YouTube start YouTube start YouTube start YouTube start YouTube start YouTube start YouTube start YouTube start YouTube start YouTube start YouTube,OPEN_YOUTUBE
YouTube start YouTube start YouTube start YouTube start YouTube start YouTube start YouTube start YouTube start YouTube start YouTube start YouTube start YouTube start YouTube start YouTube start YouTube start YouTube start YouTube start YouTube start YouTube start YouTube start YouTube start YouTube start YouTube start YouTube start YouTube start YouTube start YouTube start YouTube start YouTube start YouTube start YouTube start YouTube start YouTube start YouTube start YouTube start YouTube start YouTube start YouTube start YouTube start YouTube start YouTube start YouTube start YouTube start YouTube start YouTube start YouTube start YouTube start YouTube,OPEN_YOUTUBE
show YouTube,OPEN_YOUTUBE
YouTube show YouTube show YouTube show YouTube show YouTube show YouTube show YouTube show YouTube show YouTube show YouTube show YouTube show YouTube show YouTube show YouTube show YouTube show YouTube show YouTube show YouTube show YouTube show YouTube show YouTube show YouTube show YouTube show YouTube show YouTube show YouTube show YouTube show YouTube show YouTube show YouTube show YouTube show YouTube show YouTube show YouTube show YouTube show YouTube show YouTube show YouTube show YouTube show YouTube show YouTube show YouTube show YouTube show YouTube show YouTube show YouTube show YouTube show YouTube show YouTube show YouTube show YouTube show YouTube show YouTube show YouTube show YouTube show YouTube show YouTube,OPEN_YOUTUBE
YouTube show YouTube show YouTube show YouTube show YouTube show YouTube show YouTube show YouTube show YouTube show YouTube show YouTube show YouTube show YouTube show YouTube show YouTube show YouTube show YouTube show YouTube show YouTube show YouTube show YouTube show YouTube show YouTube show YouTube show YouTube show YouTube show YouTube show YouTube show YouTube show YouTube show YouTube show YouTube show YouTube show YouTube show YouTube show YouTube show YouTube show YouTube show YouTube show YouTube show YouTube show YouTube show YouTube show YouTube show YouTube show YouTube show YouTube show YouTube show YouTube show YouTube show YouTube show YouTube show YouTube show YouTube show YouTube show YouTube,OPEN_YOUTUBE
YouTube show YouTube show YouTube show YouTube show YouTube show YouTube show YouTube show YouTube show YouTube show YouTube show YouTube show YouTube show YouTube show YouTube show YouTube show YouTube show YouTube show YouTube show YouTube show YouTube show YouTube show YouTube show YouTube show YouTube show YouTube show YouTube show YouTube show YouTube show YouTube show YouTube show YouTube show YouTube show YouTube show YouTube show YouTube show YouTube show YouTube show YouTube show YouTube show YouTube show YouTube show YouTube show YouTube show YouTube show YouTube show YouTube show YouTube show YouTube show YouTube show YouTube show YouTube YouTube show YouTube show YouTube show YouTube show YouTube show YouTube show,OPEN_YOUTUBE
YouTube show YouTube show YouTube show YouTube show YouTube show YouTube show YouTube show YouTube show YouTube show YouTube show YouTube show YouTube show YouTube show YouTube show YouTube show YouTube show YouTube show YouTube show YouTube show YouTube show YouTube show YouTube show YouTube show YouTube show YouTube show YouTube show YouTube show YouTube show YouTube show YouTube show YouTube show YouTube show YouTube show YouTube show YouTube show YouTube show YouTube show YouTube show YouTube show YouTube show YouTube show YouTube show YouTube show YouTube show YouTube show YouTube show YouTube show YouTube show YouTube show YouTube show YouTube show YouTube YouTube show YouTube show YouTube show YouTube show YouTube show,OPEN_YOUTUBE
YouTube show YouTube show YouTube show YouTube show YouTube show YouTube show YouTube show YouTube show YouTube show YouTube show YouTube show YouTube show YouTube show YouTube show YouTube show YouTube show YouTube show YouTube show YouTube show YouTube show YouTube show YouTube show YouTube show YouTube show YouTube show YouTube show YouTube show YouTube show YouTube show YouTube show YouTube show YouTube show YouTube show YouTube show YouTube show YouTube show YouTube show YouTube show YouTube show YouTube show YouTube show YouTube show YouTube show YouTube show YouTube show YouTube show YouTube show YouTube show YouTube show YouTube show YouTube show YouTube show YouTube show YouTube show YouTube,OPEN_YOUTUBE
access YouTube,OPEN_YOUTUBE
YouTube access YouTube access YouTube access YouTube access YouTube access YouTube access YouTube access YouTube access YouTube access YouTube access YouTube access YouTube access YouTube access YouTube access YouTube access YouTube access YouTube access YouTube access YouTube access YouTube access YouTube access YouTube access YouTube access YouTube access YouTube access YouTube access YouTube access YouTube access YouTube access YouTube access YouTube access YouTube access YouTube access YouTube access YouTube access YouTube access YouTube access YouTube access YouTube access YouTube access YouTube access YouTube access YouTube access YouTube access YouTube access YouTube access YouTube access YouTube access YouTube access YouTube access YouTube access YouTube access YouTube access YouTube access YouTube access YouTube access YouTube,OPEN_YOUTUBE
YouTube access YouTube access YouTube access YouTube access YouTube access YouTube access YouTube access YouTube access YouTube access YouTube access YouTube access YouTube access YouTube access YouTube access YouTube access YouTube access YouTube access YouTube access YouTube access YouTube access YouTube access YouTube access YouTube access YouTube access YouTube access YouTube access YouTube access YouTube access YouTube access YouTube access YouTube access YouTube access YouTube access YouTube access YouTube access YouTube access YouTube access YouTube access YouTube access YouTube access YouTube access YouTube access YouTube access YouTube access YouTube access YouTube access YouTube access YouTube access YouTube access YouTube access YouTube access YouTube YouTube access YouTube access YouTube access YouTube access YouTube access,OPEN_YOUTUBE
YouTube access YouTube access YouTube access YouTube access YouTube access YouTube access YouTube access YouTube access YouTube access YouTube access YouTube access YouTube access YouTube access YouTube access YouTube access YouTube access YouTube access YouTube access YouTube access YouTube access YouTube access YouTube access YouTube access YouTube access YouTube access YouTube access YouTube access YouTube access YouTube access YouTube access YouTube access YouTube access YouTube access YouTube access YouTube access YouTube access YouTube access YouTube access YouTube access YouTube access YouTube access YouTube access YouTube access YouTube access YouTube access YouTube access YouTube access YouTube access YouTube access YouTube access YouTube YouTube access YouTube access YouTube access YouTube access YouTube access YouTube access,OPEN_YOUTUBE
YouTube access YouTube access YouTube access YouTube access YouTube access YouTube access YouTube access YouTube access YouTube access YouTube access YouTube access YouTube access YouTube access YouTube access YouTube access YouTube access YouTube access YouTube access YouTube access YouTube access YouTube access YouTube access YouTube access YouTube access YouTube access YouTube access YouTube access YouTube access YouTube access YouTube access YouTube access YouTube access YouTube access YouTube access YouTube access YouTube access YouTube access YouTube access YouTube access YouTube access YouTube access YouTube access YouTube access YouTube access YouTube access YouTube access YouTube access YouTube access YouTube access YouTube access YouTube access YouTube access YouTube access YouTube access YouTube YouTube access YouTube access,OPEN_YOUTUBE
YouTube access YouTube access YouTube access YouTube access YouTube access YouTube access YouTube access YouTube access YouTube access YouTube access YouTube access YouTube access YouTube access YouTube access YouTube access YouTube access YouTube access YouTube access YouTube access YouTube access YouTube access YouTube access YouTube access YouTube access YouTube access YouTube access YouTube access YouTube access YouTube access YouTube access YouTube access YouTube access YouTube access YouTube access YouTube access YouTube access YouTube access YouTube access YouTube access YouTube access YouTube access YouTube access YouTube access YouTube access YouTube access YouTube access YouTube access YouTube access YouTube access YouTube access YouTube access YouTube access YouTube access YouTube access YouTube access YouTube YouTube access,OPEN_YOUTUBE
play YouTube,OPEN_YOUTUBE
Play YouTube YouTube,OPEN_YOUTUBE
YouTube play YouTube .,OPEN_YOUTUBE
YouTube play YouTube video,OPEN_YOUTUBE
Play YouTube YouTube play YouTube,OPEN_YOUTUBE
YouTube Play YouTube play YouTube,OPEN_YOUTUBE
YouTube please,OPEN_YOUTUBE
Please YouTube please please please please please please YouTube please please please please please YouTube please please please please please please YouTube please please please please please please please YouTube please please please please please YouTube please please please please please please YouTube please please please please please please YouTube please please please please please YouTube please please please please please YouTube please please please please please YouTube please please please please please YouTube please please please please please YouTube please please please please please YouTube please please please please YouTube please please please please YouTube please please please please YouTube please please please please YouTube please please please please YouTube please please,OPEN_YOUTUBE
Please YouTube please please please please please please YouTube please please please please please YouTube please please please please please please YouTube please please please please please please please YouTube please please please please please YouTube please please please please please please YouTube please please please please please please YouTube please please please please please YouTube please please please please please YouTube please please please please please YouTube please please please please please YouTube please please please please please YouTube please please please please please YouTube please please please please YouTube please please please please YouTube please please please please please YouTube please please please please please YouTube please please please please please,OPEN_YOUTUBE
Please YouTube please please please please please please YouTube please please please please please YouTube please please please please please please YouTube please please please please please please please YouTube please please please please please YouTube please please please please please please YouTube please please please please please please YouTube please please please please please YouTube please please please please please YouTube please please please please please YouTube please please please please please YouTube please please please please please YouTube please please please please please YouTube please please please please YouTube please please please please YouTube please please please please YouTube please please please please YouTube please please please please please YouTube please,OPEN_YOUTUBE
Please YouTube please please please please please please YouTube please please please please please YouTube please please please please please please YouTube please please please please please please please YouTube please please please please please YouTube please please please please please please YouTube please please please please please please YouTube please please please please please YouTube please please please please please YouTube please please please please please YouTube please please please please please YouTube please please please please please YouTube please please please please please YouTube please please please please YouTube please please please please YouTube please please please please please YouTube please please please please please YouTube please please please please YouTube,OPEN_YOUTUBE
Please YouTube please please please please please please YouTube please please please please please YouTube please please please please please please YouTube please please please please please please please YouTube please please please please please YouTube please please please please please please YouTube please please please please please please YouTube please please please please please YouTube please please please please please YouTube please please please please please YouTube please please please please please YouTube please please please please please YouTube please please please please please YouTube please please please please YouTube please please please please YouTube please please please please YouTube please please please please YouTube please please please please please please please,OPEN_YOUTUBE
bring up YouTube,OPEN_YOUTUBE
YouTube brought up bring up YouTube .,OPEN_YOUTUBE
YouTube brought up bring up YouTube.,OPEN_YOUTUBE
YouTube brings up YouTube bring up YouTube .,OPEN_YOUTUBE
YouTube brings up YouTube bring up YouTube.,OPEN_YOUTUBE
YouTube brought up bring up YouTube bring up YouTube.,OPEN_YOUTUBE
open videos,OPEN_YOUTUBE
Open videos open videos open videos open videos open videos open videos open videos open videos open videos open videos open videos open videos open videos open videos open videos open videos open videos open videos open videos open videos open videos open videos open videos open videos open videos open videos open videos open videos open videos open videos open videos open videos open videos open videos open videos open videos open videos open videos open videos open videos open videos open videos open videos open videos open videos open videos open videos open videos open videos open videos open videos open videos open videos open videos open videos open videos open,OPEN_YOUTUBE
Open videos open videos open videos open videos open videos open videos open videos open videos open videos open videos open videos open videos open videos open videos open videos open videos open videos open videos open videos open videos open videos open videos open videos open videos open videos open videos open videos open videos open videos open videos open videos open videos open videos open videos open videos open videos open videos open videos open videos open videos open videos open videos open videos open videos open videos open videos open videos open videos open videos open videos open videos open videos open videos open videos open videos open video open,OPEN_YOUTUBE
Open videos open videos open videos open videos open videos open videos open videos open videos open videos open videos open videos open videos open videos open videos open videos open videos open videos open videos open videos open videos open videos open videos open videos open videos open videos open videos open videos open videos open videos open videos open videos open videos open videos open videos open videos open videos open videos open videos open videos open videos open videos open videos open videos open videos open videos open videos open videos open videos open videos open videos open videos open videos open videos open video open videos open videos open,OPEN_YOUTUBE
Open videos open videos open videos open videos open videos open videos open videos open videos open videos open videos open videos open videos open videos open videos open videos open videos open videos open videos open videos open videos open videos open videos open videos open videos open videos open videos open videos open videos open videos open videos open videos open videos open videos open videos open videos open videos open videos open videos open videos open videos open videos open videos open videos open videos open videos open videos open videos open videos open videos open videos open videos open video open videos open videos open videos open videos open,OPEN_YOUTUBE
Open videos open videos open videos open videos open videos open videos open videos open videos open videos open videos open videos open videos open videos open videos open videos open videos open videos open videos open videos open videos open videos open videos open videos open videos open videos open videos open videos open videos open videos open videos open videos open videos open videos open videos open videos open videos open videos open videos open videos open videos open videos open videos open videos open videos open videos open videos open videos open videos open videos open videos open videos open videos open video,OPEN_YOUTUBE
open Google,OPEN_GOOGLE
Google open Google open Google open Google open Google open google open google open google open google open google open google open google open google open google open google open google open google open google open google open google open google open google open google open google open google open google open google open google google open google open google open google open google google open google open google open google open google open google open google open google open google open google open google open google open google open google open google open google open google open google open google open google open google open google open google open google open google,OPEN_GOOGLE
Google open Google open Google open Google open Google open google open google open google open google open google open google open google open google open google open google open google open google open google open google open google open google open google open google open google open google open google open google open google google open google open google open google open google google open google open google open google open google open google open google open google open google open google open google open google open google open google open google open google open google open google open google open google open google open google open google google open google open,OPEN_GOOGLE
Google open Google open Google open Google open Google open google open google open google open google open google open google open google open google open google open google open google open google open google open google open google open google open google open google open google open google open google open google open google google open google open google open google open google google open google open google open google open google open google open google open google open google open google open google open google open google open google open google open google open google open google open google open google open google google open google open google open google open,OPEN_GOOGLE
Google open Google open Google open Google open Google open google open google open google open google open google open google open google open google open google open google open google open google open google open google open google open google open google open google open google open google open google open google open google google open google open google open google open google google open google open google open google open google open google open google open google open google open google open google open google open google open google open google open google open google open google open google open google open google open google open google open google google open,OPEN_GOOGLE
Google open Google open Google open Google open Google open google open google open google open google open google open google open google open google open google open google open google open google open google open google open google open google open google open google open google open google open google open google open google google open google open google open google open google google open google open google open google open google open google open google open google open google open google open google open google open google open google open google open google open google open google open google open google open google google open google open google open google google,OPEN_GOOGLE
launch Google,OPEN_GOOGLE
Google launch launch Google,OPEN_GOOGLE
Launch Google launch Google,OPEN_GOOGLE
Google launch Google launch Google,OPEN_GOOGLE
Google launch launch Google launch Google,OPEN_GOOGLE
Google launch launch Google .,OPEN_GOOGLE
go to Google,OPEN_GOOGLE
Go to Google and go to Google,OPEN_GOOGLE
Go to Google to go to Google,OPEN_GOOGLE
Go to Google and go to Google .,OPEN_GOOGLE
Go to Google to go to Google .,OPEN_GOOGLE
Go to Google to go to Google.,OPEN_GOOGLE
start Google,OPEN_GOOGLE
Google Start Google Start Google Start Google Start Google Start Google Start Google Start Google Start Google Start Google Start Google Start Google Start Google Start Google Start Google Start Google Start Google Start Google Start Google Start Google Start Google Start Google Start Google Start Google Start Google Start Google Start Google Start Google Start Google Start Google Start Google Start Google Start Google Start Google Start Google Start Google Start Google Start Google Start Google Start Google Start Google Start Google Start Google Start Google Start Google Start Google Start Google Start Google Start Google Start Google Start Google Start Google Start Google Start Google Start Google Start Google Start Google,OPEN_GOOGLE
Google Start Google Google Start Google Start Google Start Google Start Google Start Google Start Google Start Google Start Google Start Google Start Google Start Google Start Google Start Google Start Google Start Google Start Google Start Google Start Google Start Google Start Google Start Google Start Google Start Google Start Google Start Google Start Google Start Google Start Google Start Google Start Google Start Google Start Google Start Google Start Google Start Google Start Google Start Google Start Google Start Google Start Google Start Google Start Google Start Google Start Google Start Google Start Google Start Google Start Google Start Google Start Google Start Google Start Google Start Google Start Google Start,OPEN_GOOGLE
Google Start Google Start Google Start Google Start Google Start Google Start Google Start Google Start Google Start Google Start Google Start Google Start Google Start Google Start Google Start Google Start Google Start Google Start Google Start Google Start Google Start Google Start Google Start Google Start Google Start Google Start Google Start Google Start Google Start Google Start Google Start Google Start Google Start Google Start Google Start Google Start Google Start Google Start Google Start Google Start Google Start Google Start Google Start Google Start Google Start Google Start Google Start Google Start Google Start Google Start Google Start Google Start Google Google Start Google Start Google Start Google Start,OPEN_GOOGLE
Google Start Google Start Google Start Google Start Google Start Google Start Google Start Google Start Google Start Google Start Google Start Google Start Google Start Google Start Google Start Google Start Google Start Google Start Google Start Google Start Google Start Google Start Google Start Google Start Google Start Google Start Google Start Google Start Google Start Google Start Google Start Google Start Google Start Google Start Google Start Google Start Google Start Google Start Google Start Google Start Google Start Google Start Google Start Google Start Google Start Google Start Google Start Google Start Google Start Google Start Google Start Google Start Google Start Google Start Google Start Google Google Start,OPEN_GOOGLE
Google Start Google Start Google Start Google Start Google Start Google Start Google Start Google Start Google Start Google Start Google Start Google Start Google Start Google Start Google Start Google Start Google Start Google Start Google Start Google Start Google Start Google Start Google Start Google Start Google Start Google Start Google Start Google Start Google Start Google Start Google Start Google Start Google Start Google Start Google Start Google Start Google Start Google Start Google Start Google Start Google Start Google Start Google Start Google Start Google Start Google Start Google Start Google Start Google Google Start Google Start Google Start Google Start Google Start Google Start Google Start Google Start,OPEN_GOOGLE
search on Google,OPEN_GOOGLE
Google search on Google Search on Google,OPEN_GOOGLE
Google search on Google on Google,OPEN_GOOGLE
Google search on Google on Google .,OPEN_GOOGLE
Google search on Google Search on Google .,OPEN_GOOGLE
Google search results on Google on Google,OPEN_GOOGLE
Google please,OPEN_GOOGLE
Google please please google please google please.,OPEN_GOOGLE
Google please please google please google please google please please google please .,OPEN_GOOGLE
Google please please Google please please Google please.,OPEN_GOOGLE
Google please please google please google please google please.,OPEN_GOOGLE
Google please please google please google please google please please.,OPEN_GOOGLE
bring up Google,OPEN_GOOGLE
Google brought up Google to bring up Google.,OPEN_GOOGLE
Google brings up Google search results.,OPEN_GOOGLE
Google brings up Google for the first time.,OPEN_GOOGLE
Google brings up Google for the first time .,OPEN_GOOGLE
Google brought up Google when they brought up Google.,OPEN_GOOGLE
access Google,OPEN_GOOGLE
Access Google Search to access Google,OPEN_GOOGLE
Google access Google Search.,OPEN_GOOGLE
Access Google Search to access Google.,OPEN_GOOGLE
Google access access Google search results.,OPEN_GOOGLE
Google access access Google.,OPEN_GOOGLE
show Google,OPEN_GOOGLE
Google show Google shows Google shows Google shows Google shows Google shows Google shows Google shows Google shows Google shows Google shows Google shows Google shows Google shows Google shows Google shows Google shows Google shows Google shows Google shows Google shows Google shows Google shows Google shows Google shows Google shows Google shows Google shows Google shows Google shows Google shows Google shows Google shows Google shows Google shows Google shows Google shows Google shows Google shows Google shows Google shows Google shows Google shows Google shows Google shows Google shows Google shows Google shows Google shows Google shows Google shows Google shows Google shows Google shows Google shows Google shows Google,OPEN_GOOGLE
Google show Google shows Google shows Google show Google shows Google shows Google shows Google shows Google shows Google shows Google shows Google shows Google shows Google shows Google shows Google shows Google shows Google shows Google shows Google shows Google shows Google shows Google shows Google shows Google shows Google shows Google shows Google shows Google shows Google shows Google shows Google shows Google shows Google shows Google shows Google shows Google shows Google shows Google shows Google shows Google shows Google shows Google shows Google shows Google shows Google shows Google shows Google shows Google shows Google shows Google shows Google shows Google shows Google shows Google shows Google shows Google,OPEN_GOOGLE
Google show Google shows Google shows Google shows Google shows Google shows Google shows Google shows Google shows Google shows Google shows Google shows Google shows Google shows Google shows Google shows Google shows Google shows Google shows Google shows Google shows Google shows Google shows Google shows Google shows Google shows Google shows Google shows Google shows Google shows Google shows Google shows Google shows Google shows Google shows Google shows Google shows Google shows Google shows Google shows Google shows Google shows Google shows Google shows Google shows Google shows Google shows Google shows Google shows Google shows Google shows Google shows Google shows Google shows google shows Google shows Google,OPEN_GOOGLE
Google show Google shows Google shows Google shows Google shows Google shows Google shows Google shows Google shows Google shows Google shows Google shows Google shows Google shows Google shows Google shows Google shows Google shows Google shows Google shows Google shows Google shows Google shows Google shows Google shows Google shows Google shows Google shows Google shows Google shows Google shows Google shows Google shows Google shows Google shows Google shows Google shows Google shows Google shows Google shows Google shows Google shows Google shows Google shows Google shows Google shows Google shows Google shows Google shows Google shows Google shows google shows Google shows Google shows Google shows Google shows Google,OPEN_GOOGLE
Google show Google shows Google shows Google shows Google shows Google shows Google shows Google shows Google shows Google shows Google shows Google shows Google shows Google shows Google shows Google shows Google shows Google shows Google shows Google shows Google shows Google shows Google shows Google shows Google shows Google shows Google shows Google shows Google shows Google shows Google shows Google shows Google shows Google shows Google shows Google shows Google shows Google shows Google shows Google shows Google shows Google shows Google shows Google shows Google shows Google shows Google shows Google shows Google shows Google shows Google shows Google shows Google shows Google shows Google shows Google shows the,OPEN_GOOGLE
open search,OPEN_GOOGLE
Open search open search open search open search open search open search open search open search open search open search open search open search open search open search open search open search open search open search open search open search open search open search open search open search open search open search open search open search open search open search open search open search open search open search open search open search open search open search open search open search open search open search open search open search open search open search open search open search open search open search,OPEN_GOOGLE
Open search open search open search open search open search open search open search open search open search open search open search open search open search open search open search open search open search open search open search open search open search open search open search open search open search open search open search open search open search open search open search open search open search open search open search open search open search open search open search open search open search open search open search open search,OPEN_GOOGLE
Open search open search open search open search open search open search open search open search open search open search open search open search open search open search open search open search open search open search open search open search open search open search open search open search open search open search open search open search open search open search open search open search open search open search open search open search open search open search open search open search open search open search open search open search open search,OPEN_GOOGLE
Open search open search open search open search open search open search open search open search open search open search open search open search open search open search open search open search open search open search open search open search open search open search open search open search open search open search open search open search open search open search open search open search open search open search open search open search open search open search open search open search open search open search open search open search open search open search,OPEN_GOOGLE
Open search open search open search open search open search open search open search open search open search open search open search open search open search open search open search open search open search open search open search open search open search open search open search open search open search open search open search open search open search open search open search open search open search open search open search open search open search open search open search open search open search open search open search open search open search open search open search,OPEN_GOOGLE
open Facebook,OPEN_FACEBOOK
Facebook open Facebook open Facebook open Facebook open Facebook open Facebook open Facebook open Facebook open Facebook open Facebook open Facebook open Facebook open Facebook open Facebook open Facebook open Facebook open Facebook open Facebook open Facebook open Facebook open Facebook open Facebook open Facebook open Facebook open Facebook open Facebook open Facebook open Facebook open Facebook open Facebook open Facebook open Facebook open Facebook open Facebook open Facebook open Facebook open Facebook open Facebook open Facebook open Facebook open Facebook open Facebook open Facebook open Facebook open Facebook open Facebook open Facebook open Facebook open Facebook open Facebook open Facebook open Facebook open Facebook open Facebook open Facebook open Facebook open Facebook,OPEN_FACEBOOK
Facebook open Facebook open Facebook open Facebook open Facebook open Facebook open Facebook open Facebook open Facebook open Facebook open Facebook open Facebook open Facebook open Facebook open Facebook open Facebook open Facebook open Facebook open Facebook open Facebook open Facebook open Facebook open Facebook open Facebook open Facebook open Facebook open Facebook open Facebook open Facebook open Facebook open Facebook open Facebook open Facebook open Facebook open Facebook open Facebook open Facebook open Facebook open Facebook open Facebook open Facebook open Facebook open Facebook open Facebook open Facebook open Facebook open Facebook open Facebook open Facebook open Facebook open Facebook open Facebook open Facebook open Facebook open Facebook,OPEN_FACEBOOK
Facebook open Facebook open Facebook open Facebook open Facebook open Facebook open Facebook open Facebook open Facebook open Facebook open Facebook open Facebook open Facebook open Facebook open Facebook open Facebook open Facebook open Facebook open Facebook open Facebook open Facebook open Facebook open Facebook open Facebook open Facebook open Facebook open Facebook open Facebook open Facebook open Facebook open Facebook open Facebook open Facebook open Facebook open Facebook open Facebook open Facebook,OPEN_FACEBOOK
Facebook open Facebook open Facebook open Facebook open Facebook open Facebook open Facebook open Facebook open Facebook open Facebook open Facebook open Facebook open Facebook open Facebook open Facebook open Facebook open Facebook open Facebook open Facebook open Facebook open Facebook open Facebook open Facebook open Facebook open Facebook open Facebook open Facebook open Facebook open Facebook open Facebook open Facebook open Facebook open Facebook open Facebook open Facebook open Facebook,OPEN_FACEBOOK
Facebook open Facebook open Facebook open Facebook open Facebook open Facebook open Facebook open Facebook open Facebook open Facebook open Facebook open Facebook open Facebook open Facebook open Facebook open Facebook open Facebook open Facebook open Facebook open Facebook open Facebook open Facebook open Facebook open Facebook open Facebook open Facebook open Facebook open Facebook open Facebook open Facebook open Facebook open Facebook open Facebook open Facebook open Facebook open Facebook open Facebook open Facebook open Facebook open Facebook open Facebook open Facebook open Facebook open Facebook open Facebook open Facebook open Facebook open Facebook open Facebook open Facebook open Facebook open Facebook open Facebook open Facebook open Facebook open Facebook Open Facebook,OPEN_FACEBOOK
launch Facebook,OPEN_FACEBOOK
Facebook launch Facebook launch Facebook,OPEN_FACEBOOK
Facebook launch Facebook launch Launch Facebook,OPEN_FACEBOOK
Facebook launch Facebook launch Facebook launch Facebook,OPEN_FACEBOOK
Facebook Launch Facebook Launch Launch Facebook,OPEN_FACEBOOK
Facebook launches Facebook,OPEN_FACEBOOK
go to Facebook,OPEN_FACEBOOK
Go to Facebook to go to Facebook,OPEN_FACEBOOK
Go to Facebook to go to Facebook .,OPEN_FACEBOOK
Go to Facebook and go to Facebook,OPEN_FACEBOOK
Go to Facebook to Go to Facebook,OPEN_FACEBOOK
Go to Facebook and go to Facebook.,OPEN_FACEBOOK
start Facebook,OPEN_FACEBOOK
Start Facebook Facebook - Start Facebook - Start Facebook - Start Facebook - Start Facebook - Start Facebook - Start Facebook - Start Facebook - Start Facebook - Start Facebook - Start Facebook - Start Facebook - Start Facebook - Start Facebook - Start Facebook - Start Facebook - Start Facebook - Start Facebook - Start Facebook - Start Facebook - Start Facebook - Start Facebook - Start Facebook - Start Facebook - Start Facebook - Start Facebook - Start Facebook - Start Facebook -,OPEN_FACEBOOK
Facebook Start Facebook - Start Facebook - Start Facebook - Start Facebook - Start Facebook - Start Facebook - Start Facebook - Start Facebook - Start Facebook - Start Facebook - Start Facebook - Start Facebook - Start Facebook - Start Facebook - Start Facebook - Start Facebook - Start Facebook - Start Facebook - Start Facebook - Start Facebook - Start Facebook - Start Facebook - Start Facebook - Start Facebook - Start Facebook - Start Facebook - Start Facebook - Start Facebook -,OPEN_FACEBOOK
Start Facebook Facebook - Start Facebook - Start Facebook - Start Facebook - Start Facebook - Start Facebook - Start Facebook - Start Facebook - Start Facebook - Start Facebook - Start Facebook - Start Facebook - Start Facebook - Start Facebook - Start Facebook - Start Facebook - Start Facebook - Start Facebook - Start Facebook - Start Facebook - Start Facebook - Start Facebook - Start Facebook - Start Facebook - Start Facebook - Start Facebook - Start Facebook - Facebook - Start,OPEN_FACEBOOK
Facebook Start Facebook - Start Facebook - Start Facebook - Start Facebook - Start Facebook - Start Facebook - Start Facebook - Start Facebook - Start Facebook - Start Facebook - Start Facebook - Start Facebook - Start Facebook - Start Facebook - Start Facebook - Start Facebook - Start Facebook - Start Facebook - Start Facebook - Start Facebook - Start Facebook - Start Facebook - Start Facebook - Start Facebook - Start Facebook - Start Facebook - Start Facebook - Facebook - Start,OPEN_FACEBOOK
Start Facebook Facebook - Start Facebook - Start Facebook - Start Facebook - Start Facebook - Start Facebook - Start Facebook - Start Facebook - Start Facebook - Start Facebook - Start Facebook - Start Facebook - Start Facebook - Start Facebook - Start Facebook - Start Facebook - Start Facebook - Start Facebook - Start Facebook - Start Facebook - Start Facebook - Start Facebook - Start Facebook - Start Facebook - Start Facebook - Start Facebook - Start Facebook - Facebook Start Facebook ,OPEN_FACEBOOK
show Facebook,OPEN_FACEBOOK
Facebook show Facebook show Facebook show Facebook show Facebook show Facebook show Facebook show Facebook show Facebook show Facebook show Facebook show Facebook show Facebook show Facebook show Facebook show Facebook show Facebook show Facebook show Facebook show Facebook show Facebook show Facebook show Facebook show Facebook show Facebook show Facebook show Facebook show Facebook show Facebook show Facebook show Facebook show Facebook show Facebook show Facebook show Facebook show Facebook show Facebook show Facebook show Facebook show Facebook show Facebook show Facebook show Facebook show Facebook show Facebook show Facebook show Facebook show Facebook show Facebook show Facebook show Facebook show Facebook show Facebook show Facebook show Facebook show Facebook show Facebook,OPEN_FACEBOOK
Facebook show Facebook show Facebook show Facebook show Facebook show Facebook show Facebook show Facebook show Facebook show Facebook show Facebook show Facebook show Facebook show Facebook show Facebook show Facebook show Facebook show Facebook show Facebook show Facebook show Facebook show Facebook show Facebook show Facebook show Facebook show Facebook show Facebook show Facebook show Facebook show Facebook show Facebook show Facebook show Facebook show Facebook show Facebook show Facebook show Facebook show Facebook show Facebook show Facebook show Facebook show Facebook show Facebook show Facebook show Facebook show Facebook show Facebook show Facebook show Facebook show Facebook show Facebook show Facebook show Facebook show Facebook show Facebook show Facebook,OPEN_FACEBOOK
Facebook show Facebook show Facebook show Facebook show Facebook show Facebook show Facebook show Facebook show Facebook show Facebook show Facebook show Facebook show Facebook show Facebook show Facebook show Facebook show Facebook show Facebook show Facebook show Facebook show Facebook show Facebook show Facebook show Facebook show Facebook show Facebook show Facebook show Facebook show Facebook show Facebook show Facebook show Facebook show Facebook show Facebook show Facebook show Facebook show Facebook show Facebook show Facebook show Facebook show Facebook show Facebook show Facebook show Facebook show Facebook show Facebook show Facebook show Facebook show Facebook show Facebook show Facebook show Facebook show Facebook show Facebook,OPEN_FACEBOOK
Facebook show Facebook show Facebook show Facebook show Facebook show Facebook show Facebook show Facebook show Facebook show Facebook show Facebook show Facebook show Facebook show Facebook show Facebook show Facebook show Facebook show Facebook show Facebook show Facebook show Facebook show Facebook show Facebook show Facebook show Facebook show Facebook show Facebook show Facebook show Facebook show Facebook show Facebook show Facebook show Facebook show Facebook show Facebook show Facebook show Facebook show Facebook show Facebook show Facebook show Facebook show Facebook show Facebook show Facebook show Facebook show Facebook show Facebook show Facebook show Facebook show Facebook show Facebook show Facebook show Facebook show Facebook show Facebook show facebook show Facebook,OPEN_FACEBOOK
Facebook show Facebook show Facebook show Facebook show Facebook show Facebook show Facebook show Facebook show Facebook show Facebook show Facebook show Facebook show Facebook show Facebook show Facebook show Facebook show Facebook show Facebook show Facebook show Facebook show Facebook show Facebook show Facebook show Facebook show Facebook show Facebook show Facebook show Facebook show Facebook show Facebook show Facebook show Facebook show Facebook show Facebook show Facebook show Facebook show Facebook show Facebook show Facebook show Facebook show Facebook show Facebook show Facebook show Facebook show Facebook show Facebook show Facebook show Facebook show Facebook show Facebook show Facebook show Facebook show Facebook show Facebook show facebook show Facebook show Facebook,OPEN_FACEBOOK
access Facebook,OPEN_FACEBOOK
Facebook access Facebook access Facebook access Facebook access Facebook access Facebook access Facebook access Facebook access Facebook access Facebook access Facebook access Facebook access Facebook access Facebook access Facebook access Facebook access Facebook access Facebook access Facebook access Facebook access Facebook access Facebook access Facebook access Facebook access Facebook access Facebook access Facebook access Facebook access Facebook access Facebook access Facebook access Facebook access Facebook access Facebook access Facebook access Facebook access Facebook access Facebook access Facebook access Facebook access Facebook access Facebook access Facebook access Facebook access Facebook access Facebook access Facebook access Facebook access Facebook access Facebook access Facebook access Facebook access Facebook access Facebook access Facebook access Facebook access Facebook,OPEN_FACEBOOK
Facebook access Facebook access Facebook access Facebook access Facebook access Facebook access Facebook access Facebook access Facebook access Facebook access Facebook access Facebook access Facebook access Facebook access Facebook access Facebook access Facebook access Facebook access Facebook access Facebook access Facebook access Facebook access Facebook access Facebook access Facebook access Facebook access Facebook access Facebook access Facebook access Facebook access Facebook access Facebook access Facebook access Facebook access Facebook access Facebook Facebook access Facebook access Facebook access Facebook access Facebook access Facebook access Facebook access Facebook access Facebook access Facebook access Facebook access Facebook access Facebook access Facebook access Facebook access Facebook access Facebook access Facebook access Facebook access Facebook access Facebook access,OPEN_FACEBOOK
Facebook access Facebook access Facebook access Facebook access Facebook access Facebook access Facebook access Facebook access Facebook access Facebook access Facebook access Facebook access Facebook access Facebook access Facebook access Facebook access Facebook access Facebook access Facebook access Facebook access Facebook access Facebook access Facebook access Facebook access Facebook access Facebook access Facebook access Facebook access Facebook access Facebook access Facebook access Facebook access Facebook access Facebook access Facebook access Facebook access Facebook access Facebook access Facebook access Facebook access Facebook access Facebook access Facebook access Facebook access Facebook access Facebook access Facebook access Facebook access Facebook Facebook access Facebook access Facebook access Facebook access Facebook access Facebook access Facebook access Facebook access,OPEN_FACEBOOK
Facebook access Facebook access Facebook access Facebook access Facebook access Facebook access Facebook access Facebook access Facebook access Facebook access Facebook access Facebook access Facebook access Facebook access Facebook access Facebook access Facebook access Facebook access Facebook access Facebook access Facebook access Facebook access Facebook access Facebook access Facebook access Facebook access Facebook access Facebook access Facebook access Facebook access Facebook access Facebook access Facebook access Facebook access Facebook access Facebook access Facebook access Facebook access Facebook access Facebook access Facebook access Facebook access Facebook access Facebook access Facebook access Facebook access Facebook access Facebook access Facebook access Facebook access Facebook access Facebook access Facebook access Facebook access Facebook access Facebook Facebook access,OPEN_FACEBOOK
Facebook access Facebook access Facebook access Facebook access Facebook access Facebook access Facebook access Facebook access Facebook access Facebook access Facebook access Facebook access Facebook access Facebook access Facebook access Facebook access Facebook access Facebook access Facebook access Facebook access Facebook access Facebook access Facebook access Facebook access Facebook access Facebook access Facebook access Facebook access Facebook access Facebook access Facebook access Facebook access Facebook access Facebook access Facebook access Facebook access Facebook access Facebook access Facebook access Facebook access Facebook access Facebook access Facebook access Facebook access Facebook access Facebook access Facebook access Facebook access Facebook Facebook access Facebook access Facebook access Facebook access Facebook access Facebook access Facebook Facebook access Facebook,OPEN_FACEBOOK
Facebook please,OPEN_FACEBOOK
Facebook please share Facebook please.,OPEN_FACEBOOK
Facebook please click on Facebook please.,OPEN_FACEBOOK
Please Facebook please Facebook please Facebook please .,OPEN_FACEBOOK
Please Facebook please Facebook please Facebook please please,OPEN_FACEBOOK
Please Facebook please Facebook please Facebook please,OPEN_FACEBOOK
open social,OPEN_FACEBOOK
Social open social networks open social networks open social networks open social networks open social networks open social networks open social networks open social networks open social networks open social networks open social networks open social networks open social networks open social networks open social networks open social networks open social networks open social networks open social networks open social networks open social networks open social networks open social networks open social networks open social networks open social networks open social networks open social networks open social networks open social networks open social networks open social networks open social networks open social networks open social networks open social networks open social networks open,OPEN_FACEBOOK
Social open social networks are open social networks open social networks open social networks open social networks open social networks open social networks open social networks open social networks open social networks open social networks open social networks open social networks open social networks open social networks open social networks open social networks open social networks open social networks open social networks open social networks open social networks open social networks open social networks open social networks open social networks open social networks open social networks open social networks open social networks open social networks open social networks open social networks open social networks open social networks open social networks open social networks,OPEN_FACEBOOK
Social open social networks open social networks open social networks open social networks open social networks open social networks open social networks open social networks open social networks open social networks open social networks open social networks open social networks open social networks open social networks open social networks open social networks open social networks open social networks open social networks open social networks open social networks open social networks open social networks open social networks open social networks open social networks open social networks open social networks open social networks open social networks open social networks open social networks open social networks open social networks open social networks open social networks social,OPEN_FACEBOOK
Social open social networks open social networks open social networks open social networks open social networks open social networks open social networks open social networks open social networks open social networks open social networks open social networks open social networks open social networks open social networks open social networks open social networks open social networks open social networks open social networks open social networks open social networks open social networks open social networks open social networks open social networks open social networks open social networks open social networks open social networks open social networks open social networks open social network open social networks open social networks open social networks open social networks open,OPEN_FACEBOOK
Social open social networks open social networks open social networks open social networks open social networks open social networks open social networks open social networks open social networks open social networks open social networks open social networks open social networks open social networks open social networks open social networks open social networks open social networks open social networks open social networks open social networks open social networks open social networks open social networks open social networks open social networks open social networks open social networks open social networks open social networks open social networks open social networks open social networks open social networks open social networks open social networks open social networking open,OPEN_FACEBOOK
bring up Facebook,OPEN_FACEBOOK
Facebook brings up to bring up Facebook .,OPEN_FACEBOOK
Facebook brings up to bring up Facebook.,OPEN_FACEBOOK
Facebook brings up to bring up Facebook Page .,OPEN_FACEBOOK
Facebook brings up to bring up Facebook  .,OPEN_FACEBOOK
Facebook brings up to bring up Facebook - Page .,OPEN_FACEBOOK
check Facebook,OPEN_FACEBOOK
Facebook check Facebook check Facebook check Facebook check Facebook check Facebook check Facebook check Facebook check Facebook check Facebook check Facebook check Facebook check Facebook check Facebook check Facebook check Facebook check Facebook check Facebook check Facebook check Facebook check Facebook check Facebook check Facebook check Facebook check Facebook check Facebook check Facebook check Facebook check Facebook check Facebook check Facebook check Facebook check Facebook check Facebook check Facebook check Facebook check Facebook check Facebook check Facebook check Facebook check Facebook check Facebook check Facebook check Facebook check Facebook check Facebook check Facebook check Facebook check Facebook check Facebook check Facebook check Facebook check Facebook check Facebook check Facebook check Facebook check Facebook,OPEN_FACEBOOK
Facebook check Facebook check Facebook check Facebook check Facebook check Facebook check Facebook check Facebook check Facebook check Facebook check Facebook check Facebook check Facebook check Facebook check Facebook check Facebook check Facebook check Facebook check Facebook check Facebook check Facebook check Facebook check Facebook check Facebook check Facebook check Facebook check Facebook check Facebook check Facebook check Facebook check Facebook check Facebook check Facebook check Facebook check Facebook check Facebook check Facebook check Facebook check Facebook check Facebook check Facebook check Facebook check Facebook check Facebook check Facebook check Facebook check Facebook check Facebook check Facebook check Facebook check Facebook check Facebook check Facebook check Facebook check Facebook check Facebook check facebook,OPEN_FACEBOOK
Facebook check Facebook check Facebook check Facebook check Facebook check Facebook check Facebook check Facebook check Facebook check Facebook check Facebook check Facebook check Facebook check Facebook check Facebook check Facebook check Facebook check Facebook check Facebook check Facebook check Facebook check Facebook check Facebook check Facebook check Facebook check Facebook check Facebook check Facebook check Facebook check Facebook check Facebook check Facebook check Facebook check Facebook check Facebook check Facebook check Facebook check Facebook check Facebook check Facebook check Facebook check Facebook check Facebook check Facebook check Facebook check Facebook check Facebook check Facebook check Facebook,OPEN_FACEBOOK
Facebook check Facebook check Facebook check Facebook check Facebook check Facebook check Facebook check Facebook check Facebook check Facebook check Facebook check Facebook check Facebook check Facebook check Facebook check Facebook check Facebook check Facebook check Facebook check Facebook check Facebook check Facebook check Facebook check Facebook check Facebook check Facebook check Facebook check Facebook check Facebook check Facebook check Facebook check Facebook check Facebook check Facebook check Facebook check Facebook check Facebook check Facebook check Facebook check Facebook check Facebook check Facebook check Facebook check Facebook check Facebook check Facebook check Facebook check Facebook check Facebook check Facebook check Facebook check Facebook check Facebook check Facebook check Facebook check facebook check Facebook,OPEN_FACEBOOK
Facebook check Facebook check Facebook check Facebook check Facebook check Facebook check Facebook check Facebook check Facebook check Facebook check Facebook check Facebook check Facebook check Facebook check Facebook check Facebook check Facebook check Facebook check Facebook check Facebook check Facebook check Facebook check Facebook check Facebook check Facebook check Facebook check Facebook check Facebook check Facebook check Facebook check Facebook check Facebook check Facebook check Facebook check Facebook check Facebook check Facebook check Facebook check Facebook check Facebook check Facebook check Facebook check Facebook check Facebook check Facebook check Facebook check Facebook check Facebook,OPEN_FACEBOOK
open Instagram,OPEN_INSTAGRAM
Instagram open Instagram open Instagram open Instagram open Instagram open Instagram open Instagram open Instagram open Instagram open Instagram open Instagram open Instagram open Instagram open Instagram open Instagram open Instagram open Instagram open Instagram open Instagram open Instagram open Instagram open Instagram open Instagram open Instagram open Instagram open Instagram open Instagram open Instagram open Instagram open Instagram open Instagram open Instagram open Instagram open Instagram open Instagram open Instagram open Instagram open Instagram open Instagram open Instagram open Instagram open Instagram open Instagram open Instagram open Instagram open Instagram open Instagram open Instagram open Instagram open Instagram open Instagram open Instagram open Instagram open Instagram open Instagram open Instagram open Instagram,OPEN_INSTAGRAM
Instagram open Instagram open Instagram open Instagram open Instagram open Instagram open Instagram open Instagram open Instagram open Instagram open Instagram open Instagram open Instagram open Instagram open Instagram open Instagram open Instagram open Instagram open Instagram open Instagram open Instagram open Instagram open Instagram open Instagram open Instagram open Instagram open Instagram open Instagram open Instagram open Instagram open Instagram open Instagram open Instagram open Instagram open Instagram open Instagram open Instagram open Instagram open Instagram,OPEN_INSTAGRAM
Instagram open Instagram open Instagram open Instagram open Instagram open Instagram open Instagram open Instagram open Instagram open Instagram open Instagram open Instagram open Instagram open Instagram open Instagram open Instagram open Instagram open Instagram open Instagram open Instagram open Instagram open Instagram open Instagram open Instagram open Instagram open Instagram open Instagram open Instagram open Instagram open Instagram open Instagram open Instagram open Instagram open Instagram open Instagram open Instagram open Instagram open Instagram open Instagram open Instagram open Instagram,OPEN_INSTAGRAM
Instagram open Instagram open Instagram open Instagram open Instagram open Instagram open Instagram open Instagram open Instagram open Instagram open Instagram open Instagram open Instagram open Instagram open Instagram open Instagram open Instagram open Instagram open Instagram open Instagram open Instagram open Instagram open Instagram open Instagram open Instagram open Instagram open Instagram open Instagram open Instagram open Instagram open Instagram open Instagram open Instagram open Instagram open Instagram open Instagram open Instagram,OPEN_INSTAGRAM
Instagram open Instagram open Instagram open Instagram open Instagram open Instagram open Instagram open Instagram open Instagram open Instagram open Instagram open Instagram open Instagram open Instagram open Instagram open Instagram open Instagram open Instagram open Instagram open Instagram open Instagram open Instagram open Instagram open Instagram open Instagram open Instagram open Instagram open Instagram open Instagram open Instagram open Instagram open Instagram open Instagram open Instagram open Instagram,OPEN_INSTAGRAM
launch Instagram,OPEN_INSTAGRAM
Instagram launch Instagram launch Instagram launch Instagram launch Instagram launch Instagram launch Instagram launch Instagram launch Instagram launch Instagram launch Instagram launch Instagram launch Instagram launch Instagram launch Instagram launch Instagram launch Instagram launch Instagram launch Instagram launch Instagram launch Instagram launch Instagram launch Instagram launch Instagram launch Instagram launch Instagram launch Instagram launch Instagram launch Instagram launch Instagram launch Instagram launch Instagram launch Instagram launch Instagram launch Instagram launch Instagram launch Instagram launch Instagram launch Instagram launch Instagram launch Instagram launch Instagram launch Instagram launch Instagram launch Instagram launch Instagram launch Instagram launch Instagram launch Instagram launch Instagram launch Instagram launch Instagram launch Instagram launch Instagram launch Instagram launch Instagram launch Instagram,OPEN_INSTAGRAM
Instagram launch Instagram launch Instagram launch Instagram launch Instagram launch Instagram launch Instagram launch Instagram launch Instagram launch Instagram launch Instagram launch Instagram launch Instagram launch Instagram launch Instagram launch Instagram launch Instagram launch Instagram launch Instagram launch Instagram launch Instagram launch Instagram launch Instagram launch Instagram launch Instagram launch Instagram launch Instagram launch Instagram launch Instagram launch Instagram launch Instagram launch Instagram launch Instagram launch Instagram launch Instagram launch Instagram launch Instagram launch Instagram launch Instagram launch Instagram launch Instagram launch Instagram launch Instagram launch Instagram launch Instagram launch Instagram launch Instagram launch Instagram launch Instagram launch Instagram launch Instagram launch Instagram launch Instagram Instagram launch Instagram launch Instagram launch Instagram launch,OPEN_INSTAGRAM
Instagram launch Instagram launch Instagram launch Instagram launch Instagram launch Instagram launch Instagram launch Instagram launch Instagram launch Instagram launch Instagram launch Instagram launch Instagram launch Instagram launch Instagram launch Instagram launch Instagram launch Instagram launch Instagram launch Instagram launch Instagram launch Instagram launch Instagram launch Instagram launch Instagram launch Instagram launch Instagram launch Instagram launch Instagram launch Instagram launch Instagram launch Instagram launch Instagram launch Instagram launch Instagram launch Instagram launch Instagram launch Instagram launch Instagram launch Instagram launch Instagram launch Instagram launch Instagram launch Instagram launch Instagram launch Instagram launch Instagram launch Instagram launch Instagram launch Instagram launch Instagram launch Instagram launch Instagram launch Instagram Instagram launch Instagram launch Instagram launch,OPEN_INSTAGRAM
Instagram launch Instagram launch Instagram launch Instagram launch Instagram launch Instagram launch Instagram launch Instagram launch Instagram launch Instagram launch Instagram launch Instagram launch Instagram launch Instagram launch Instagram launch Instagram launch Instagram launch Instagram launch Instagram launch Instagram launch Instagram launch Instagram launch Instagram launch Instagram launch Instagram launch Instagram launch Instagram launch Instagram launch Instagram launch Instagram launch Instagram launch Instagram launch Instagram launch Instagram launch Instagram launch Instagram launch Instagram launch Instagram launch Instagram launch Instagram launch Instagram launch Instagram launch Instagram launch Instagram launch Instagram launch Instagram launch Instagram launch Instagram launch Instagram launch Instagram launch Instagram launch Instagram Instagram launch Instagram launch Instagram launch Instagram launch Instagram launch,OPEN_INSTAGRAM
Instagram launch Instagram launch Instagram launch Instagram launch Instagram launch Instagram launch Instagram launch Instagram launch Instagram launch Instagram launch Instagram launch Instagram launch Instagram launch Instagram launch Instagram launch Instagram launch Instagram launch Instagram launch Instagram launch Instagram launch Instagram launch Instagram launch Instagram launch Instagram launch Instagram launch Instagram launch Instagram launch Instagram launch Instagram launch Instagram launch Instagram launch Instagram launch Instagram launch Instagram launch Instagram launch Instagram launch Instagram launch Instagram launch Instagram launch Instagram launch Instagram launch Instagram launch Instagram launch Instagram launch Instagram launch Instagram launch Instagram launch Instagram launch Instagram launch Instagram launch Instagram launch Instagram launch Instagram launch Instagram launch Instagram launch Instagram Instagram launch,OPEN_INSTAGRAM
go to Instagram,OPEN_INSTAGRAM
Instagram go to Instagram go to Instagram go to Instagram go to Instagram go to Instagram go to Instagram go to Instagram go to Instagram go to Instagram go to Instagram go to Instagram go to Instagram go to Instagram go to Instagram go to Instagram go to Instagram go to Instagram go to Instagram go to Instagram go to Instagram go to Instagram go to Instagram go to Instagram go to Instagram go to Instagram go to Instagram go to Instagram go to Instagram go to Instagram go to Instagram go to Instagram go to Instagram go to Instagram go to Instagram go to Instagram go to Instagram go to Instagram,OPEN_INSTAGRAM
Instagram go to Instagram go to Instagram go to Instagram go to Instagram go to Instagram go to Instagram go to Instagram go to Instagram go to Instagram go to Instagram go to Instagram go to Instagram go to Instagram go to Instagram go to Instagram go to Instagram go to Instagram go to Instagram go to Instagram go to Instagram go to Instagram go to Instagram go to Instagram go to Instagram go to Instagram go to Instagram go to Instagram go to Instagram go to Instagram go to Instagram go to Instagram go to Instagram go to Instagram go to Instagram go to Instagram go to Instagram,OPEN_INSTAGRAM
Instagram go to Instagram go to Instagram go to Instagram go to Instagram go to Instagram go to Instagram go to Instagram go to Instagram go to Instagram go to Instagram go to Instagram go to Instagram go to Instagram go to Instagram go to Instagram go to Instagram go to Instagram go to Instagram go to Instagram go to Instagram go to Instagram go to Instagram go to Instagram go to Instagram go to Instagram go to Instagram go to Instagram go to Instagram go to Instagram go to Instagram go to Instagram go to Instagram go to Instagram go to Instagram go to Instagram go to Instagram go to Instagram go,OPEN_INSTAGRAM
Instagram go to Instagram go to Instagram go to Instagram go to Instagram go to Instagram go to Instagram go to Instagram go to Instagram go to Instagram go to Instagram go to Instagram go to Instagram go to Instagram go to Instagram go to Instagram go to Instagram go to Instagram go to Instagram go to Instagram go to Instagram go to Instagram go to Instagram go to Instagram go to Instagram go to Instagram go to Instagram go to Instagram go to Instagram go to Instagram go to Instagram go to Instagram go to Instagram go to Instagram go to Instagram go to Instagram,OPEN_INSTAGRAM
Instagram go to Instagram go to Instagram go to Instagram go to Instagram go to Instagram go to Instagram go to Instagram go to Instagram go to Instagram go to Instagram go to Instagram go to Instagram go to Instagram go to Instagram go to Instagram go to Instagram go to Instagram go to Instagram go to Instagram go to Instagram go to Instagram go to Instagram go to Instagram go to Instagram go to Instagram go to Instagram go to Instagram go to Instagram go to Instagram go to Instagram go to Instagram go to Instagram go to Instagram go to Instagram,OPEN_INSTAGRAM
start Instagram,OPEN_INSTAGRAM
Instagram start Instagram - Start Instagram - Start Instagram - Start Instagram - Start Instagram - Start Instagram - Start Instagram - Start Instagram - Start Instagram - Start Instagram - Start Instagram - Start Instagram - Start Instagram - Start Instagram - Start Instagram - Start Instagram - Start Instagram - Start Instagram - Start Instagram - Start Instagram - Start Instagram - Start Instagram - Start Instagram - Start Instagram - Start Instagram - Start Instagram - Start Instagram - Start Instagram -,OPEN_INSTAGRAM
Instagram start Instagram - Start Instagram - Start Instagram - Start Instagram - Start Instagram - Start Instagram - Start Instagram - Start Instagram - Start Instagram - Start Instagram - Start Instagram - Start Instagram - Start Instagram - Start Instagram - Start Instagram - Start Instagram - Start Instagram - Start Instagram - Start Instagram - Start Instagram - Start Instagram - Start Instagram - Start Instagram - Start Instagram - Start Instagram - Start Instagram - Start Instagram - Instagram - Start,OPEN_INSTAGRAM
Instagram start Instagram - Start Instagram - Start Instagram - Start Instagram - Start Instagram - Start Instagram - Start Instagram - Start Instagram - Start Instagram - Start Instagram - Start Instagram - Start Instagram - Start Instagram - Start Instagram - Start Instagram - Start Instagram - Start Instagram - Start Instagram - Start Instagram - Start Instagram - Start Instagram - Start Instagram - Start Instagram - Start Instagram - Start Instagram - Start Instagram - Instagram - Start Instagram - Start,OPEN_INSTAGRAM
Instagram start Instagram - Start Instagram - Start Instagram - Start Instagram - Start Instagram - Start Instagram - Start Instagram - Start Instagram - Start Instagram - Start Instagram - Start Instagram - Start Instagram - Start Instagram - Start Instagram - Start Instagram - Start Instagram - Start Instagram - Start Instagram - Start Instagram - Start Instagram - Start Instagram - Start Instagram - Start Instagram - Start Instagram - Start Instagram - Instagram - Start Instagram - Start Instagram - Start,OPEN_INSTAGRAM
Instagram start Instagram - Start Instagram - Start Instagram - Start Instagram - Start Instagram - Start Instagram - Start Instagram - Start Instagram - Start Instagram - Start Instagram - Start Instagram - Start Instagram - Start Instagram - Start Instagram - Start Instagram - Start Instagram - Start Instagram - Start Instagram - Start Instagram - Start Instagram - Start Instagram - Start Instagram - Start Instagram - Start Instagram - Instagram - Start Instagram - Start Instagram - Start Instagram - Start,OPEN_INSTAGRAM
show Instagram,OPEN_INSTAGRAM
Instagram Show Instagram Show Instagram Show Instagram Show Instagram Show Instagram Show Instagram Show Instagram Show Instagram Show Instagram Show Instagram Show Instagram Show Instagram Show Instagram Show Instagram Show Instagram Show Instagram Show Instagram Show Instagram Show Instagram Show Instagram Show Instagram Show Instagram Show Instagram Show Instagram Show Instagram Show Instagram Show Instagram Show Instagram Show Instagram Show Instagram Show Instagram Show Instagram Show Instagram Show Instagram Show Instagram Show Instagram Show Instagram Show Instagram Show Instagram Show Instagram Show Instagram Show Instagram Show Instagram Show Instagram Show Instagram Show Instagram Show Instagram Show Instagram Show Instagram Show Instagram Show Instagram Show Instagram Show Instagram Show Instagram Show Instagram Show Instagram,OPEN_INSTAGRAM
Instagram Show Instagram Show Instagram Show Instagram Show Instagram Show Instagram Show Instagram Show Instagram Show Instagram Show Instagram Show Instagram Show Instagram Show Instagram Show Instagram Show Instagram Show Instagram Show Instagram Show Instagram Show Instagram Show Instagram Show Instagram Show Instagram Show Instagram Show Instagram Show Instagram Show Instagram Show Instagram Show Instagram Show Instagram Show Instagram Show Instagram Show Instagram Show Instagram Show Instagram Show Instagram Show Instagram Show Instagram Show Instagram Show Instagram Show Instagram Show Instagram Show Instagram Show Instagram Show Instagram Show Instagram Show Instagram Show Instagram Show Instagram Show Instagram Show Instagram,OPEN_INSTAGRAM
Instagram Show Instagram Show Instagram Show Instagram Show Instagram Show Instagram Show Instagram Show Instagram Show Instagram Show Instagram Show Instagram Show Instagram Show Instagram Show Instagram Show Instagram Show Instagram Show Instagram Show Instagram Show Instagram Show Instagram Show Instagram Show Instagram Show Instagram Show Instagram Show Instagram Show Instagram Show Instagram Show Instagram Show Instagram Show Instagram Show Instagram Show Instagram Show Instagram Show Instagram Show Instagram Show Instagram Show Instagram Show Instagram Show Instagram Show Instagram Show Instagram Show Instagram Show Instagram Show Instagram Show Instagram Show Instagram Show Instagram Show Instagram Show Instagram Show Instagram Show Instagram,OPEN_INSTAGRAM
Instagram Show Instagram Show Instagram Show Instagram Show Instagram Show Instagram Show Instagram Show Instagram Show Instagram Show Instagram Show Instagram Show Instagram Show Instagram Show Instagram Show Instagram Show Instagram Show Instagram Show Instagram Show Instagram Show Instagram Show Instagram Show Instagram Show Instagram Show Instagram Show Instagram Show Instagram Show Instagram Show Instagram Show Instagram Show Instagram Show Instagram Show Instagram Show Instagram Show Instagram Show Instagram Show Instagram Show Instagram Show Instagram Show Instagram Show Instagram Show Instagram Show Instagram Show Instagram Show Instagram Show Instagram Show Instagram Show Instagram Show Instagram Show Instagram Show Instagram Show Instagram Show Instagram,OPEN_INSTAGRAM
Instagram Show Instagram Show Instagram Show Instagram Show Instagram Show Instagram Show Instagram Show Instagram Show Instagram Show Instagram Show Instagram Show Instagram Show Instagram Show Instagram Show Instagram Show Instagram Show Instagram Show Instagram Show Instagram Show Instagram Show Instagram Show Instagram Show Instagram Show Instagram Show Instagram Show Instagram Show Instagram Show Instagram Show Instagram Show Instagram Show Instagram Show Instagram Show Instagram Show Instagram Show Instagram Show Instagram Show Instagram Show Instagram Show Instagram Show Instagram Show Instagram Show Instagram Show Instagram Show Instagram Show Instagram Show Instagram Show Instagram Show Instagram Show Instagram Show Instagram Show Instagram Show Instagram Show Instagram,OPEN_INSTAGRAM
access Instagram,OPEN_INSTAGRAM
Instagram access Instagram - Instagram - Instagram - Instagram - Instagram - Instagram - Instagram - Instagram - Instagram - Instagram - Instagram - Instagram - Instagram - Instagram - Instagram - Instagram - Instagram - Instagram - Instagram - Instagram - Instagram - Instagram - Instagram - Instagram - Instagram - Instagram - Instagram - Instagram - Instagram - Instagram - Instagram - Instagram - Instagram - Instagram - Instagram - Instagram - Instagram -,OPEN_INSTAGRAM
Instagram access Instagram - Instagram - Instagram - Instagram - Instagram - Instagram - Instagram - Instagram - Instagram - Instagram - Instagram - Instagram - Instagram - Instagram - Instagram - Instagram - Instagram - Instagram - Instagram - Instagram - Instagram - Instagram - Instagram - Instagram - Instagram - Instagram - Instagram - Instagram - Instagram - Instagram - Instagram - Instagram - Instagram - Instagram Instagram - Instagram - Instagram - Instagram ,OPEN_INSTAGRAM
Instagram access Instagram - Instagram - Instagram - Instagram - Instagram - Instagram - Instagram - Instagram - Instagram - Instagram - Instagram - Instagram - Instagram - Instagram - Instagram - Instagram - Instagram - Instagram - Instagram - Instagram - Instagram - Instagram - Instagram - Instagram - Instagram - Instagram - Instagram - Instagram - Instagram - Instagram - Instagram - Instagram - Instagram - Instagram - Instagram Instagram - Instagram - Instagram ,OPEN_INSTAGRAM
Instagram access Instagram - Instagram - Instagram - Instagram - Instagram - Instagram - Instagram - Instagram - Instagram - Instagram - Instagram - Instagram - Instagram - Instagram - Instagram - Instagram - Instagram - Instagram - Instagram - Instagram - Instagram - Instagram - Instagram - Instagram - Instagram - Instagram - Instagram - Instagram - Instagram - Instagram - Instagram - Instagram - Instagram - Instagram - Instagram - Instagram Instagram - Instagram ,OPEN_INSTAGRAM
Instagram access Instagram - Instagram - Instagram - Instagram - Instagram - Instagram - Instagram - Instagram - Instagram - Instagram - Instagram - Instagram - Instagram - Instagram - Instagram - Instagram - Instagram - Instagram - Instagram - Instagram - Instagram - Instagram - Instagram - Instagram - Instagram - Instagram - Instagram - Instagram - Instagram - Instagram - Instagram - Instagram - Instagram Instagram - Instagram - Instagram - Instagram - Instagram ,OPEN_INSTAGRAM
Instagram please,OPEN_INSTAGRAM
Instagram please Instagram please Instagram please please Instagram please please Instagram please please Instagram please please Instagram please please Instagram please please Instagram please please Instagram please please Instagram please please Instagram please please Instagram please please Instagram please please Instagram please please Instagram please please Instagram please please Instagram please please Instagram please please Instagram please please Instagram please please Instagram please please Instagram please please Instagram please please Instagram please please Instagram please please Instagram please please Instagram please please Instagram please please Instagram please please Instagram please please Instagram please please Instagram please please Instagram please please Instagram please please Instagram please please Instagram please Instagram please please Instagram please,OPEN_INSTAGRAM
Instagram please Instagram please Instagram please please Instagram please please Instagram please please Instagram please please Instagram please please Instagram please please Instagram please please Instagram please please Instagram please please Instagram please please Instagram please please Instagram please please Instagram please please Instagram please please Instagram please please Instagram please please Instagram please please Instagram please please Instagram please please Instagram please please Instagram please please Instagram please please Instagram please please Instagram please please Instagram please please Instagram please please Instagram please please Instagram please please Instagram please please Instagram please please Instagram please please Instagram please please Instagram please please Instagram please please Instagram please please Instagram please please Instagram,OPEN_INSTAGRAM
Instagram please Instagram please please Instagram please please Instagram please please Instagram please please Instagram please please Instagram please please Instagram please please Instagram please please Instagram please please Instagram please please Instagram please please Instagram please please Instagram please please Instagram please please Instagram please please Instagram please please Instagram please please Instagram please please Instagram please please Instagram please please Instagram please please Instagram please please Instagram please please Instagram please please Instagram please please Instagram please please Instagram please please Instagram please please Instagram please please Instagram please please Instagram please please Instagram please please Instagram please please Instagram please please Instagram please please Instagram please Instagram please please Instagram,OPEN_INSTAGRAM
Instagram please Instagram please please Instagram please please Instagram please please Instagram please please Instagram please please Instagram please please Instagram please please Instagram please please Instagram please please Instagram please please Instagram please please Instagram please please Instagram please please Instagram please please Instagram please please Instagram please please Instagram please please Instagram please please Instagram please please Instagram please please Instagram please please Instagram please please Instagram please please Instagram please please Instagram please please Instagram please please Instagram please please Instagram please please Instagram please please Instagram please please Instagram please please Instagram please please Instagram please please Instagram please please Instagram please please Instagram please please Instagram please please,OPEN_INSTAGRAM
Instagram please Instagram please Instagram please please Instagram please please Instagram please please Instagram please please Instagram please please Instagram please please Instagram please please Instagram please please Instagram please please Instagram please please Instagram please please Instagram please please Instagram please please Instagram please please Instagram please please Instagram please please Instagram please please Instagram please please Instagram please please Instagram please please Instagram please please Instagram please please Instagram please please Instagram please please Instagram please please Instagram please please Instagram please please Instagram please please Instagram please please Instagram please please Instagram please please Instagram please Instagram please please Instagram please please Instagram please please Instagram please Instagram please please,OPEN_INSTAGRAM
check Instagram,OPEN_INSTAGRAM
Instagram check Instagram check Instagram check Instagram check Instagram check Instagram check Instagram check Instagram check Instagram check Instagram check Instagram check Instagram check Instagram check Instagram check Instagram check Instagram check Instagram check Instagram check Instagram check Instagram check Instagram check Instagram check Instagram check Instagram check Instagram check Instagram check Instagram check Instagram check Instagram check Instagram check Instagram check Instagram check Instagram check Instagram check Instagram check Instagram check Instagram check Instagram check Instagram check Instagram,OPEN_INSTAGRAM
Instagram check Instagram check Instagram check Instagram check Instagram check Instagram check Instagram check Instagram check Instagram check Instagram check Instagram check Instagram check Instagram check Instagram check Instagram check Instagram check Instagram check Instagram check Instagram check Instagram check Instagram check Instagram check Instagram check Instagram check Instagram check Instagram check Instagram check Instagram check Instagram check Instagram check Instagram check Instagram check Instagram check Instagram check Instagram check Instagram check Instagram check Instagram,OPEN_INSTAGRAM
Instagram check Instagram check Instagram check Instagram check Instagram check Instagram check Instagram check Instagram check Instagram check Instagram check Instagram check Instagram check Instagram check Instagram check Instagram check Instagram check Instagram check Instagram check Instagram check Instagram check Instagram check Instagram check Instagram check Instagram check Instagram check Instagram check Instagram check Instagram check Instagram check Instagram check Instagram check Instagram check Instagram check Instagram check Instagram check Instagram check Instagram check Instagram check Instagram check Instagram check Instagram,OPEN_INSTAGRAM
Instagram check Instagram check Instagram check Instagram check Instagram check Instagram check Instagram check Instagram check Instagram check Instagram check Instagram check Instagram check Instagram check Instagram check Instagram check Instagram check Instagram check Instagram check Instagram check Instagram check Instagram check Instagram check Instagram check Instagram check Instagram check Instagram check Instagram check Instagram check Instagram check Instagram check Instagram check Instagram check Instagram check Instagram check Instagram check Instagram check Instagram,OPEN_INSTAGRAM
Instagram check Instagram check Instagram check Instagram check Instagram check Instagram check Instagram check Instagram check Instagram check Instagram check Instagram check Instagram check Instagram check Instagram check Instagram check Instagram check Instagram check Instagram check Instagram check Instagram check Instagram check Instagram check Instagram check Instagram check Instagram check Instagram check Instagram check Instagram check Instagram check Instagram check Instagram check Instagram check Instagram check Instagram check Instagram check Instagram,OPEN_INSTAGRAM
bring up Instagram,OPEN_INSTAGRAM
Instagram brings up Instagram brings up Instagram.,OPEN_INSTAGRAM
Instagram brings up Instagram bring up.,OPEN_INSTAGRAM
Instagram brings up Instagram bring up .,OPEN_INSTAGRAM
Instagram brings up Instagram!,OPEN_INSTAGRAM
Instagram brings up Instagram bring up Instagram.,OPEN_INSTAGRAM
Insta open,OPEN_INSTAGRAM
Insta open Insta open Insta open Insta open Insta open Insta Open Insta Open Insta Open Insta Open Insta Open Insta Open Insta Open Insta Open Insta Open Insta Open Insta Open Insta Open Insta Open Insta Open Insta Open Insta Open Insta Open Insta Open Insta Open Insta Open Insta Open Insta Open Insta Open Insta Open Insta Open Insta Open Insta Open Insta Open Insta Open Insta Open Insta Open Insta Open Insta,OPEN_INSTAGRAM
Insta open Insta open Insta open Insta open Insta open Insta Open Insta Open Insta Open Insta Open Insta Open Insta Open Insta Open Insta Open Insta Open Insta Open Insta Open Insta Open Insta Open Insta Open Insta Open Insta Open Insta Open Insta Open Insta Open Insta Open Insta Open Insta Open Insta Open Insta Open Insta Open Insta Open Insta Open Insta Open Insta Open Insta Open Insta Open Insta Open Open In,OPEN_INSTAGRAM
Insta open Insta open Insta open Insta open Insta open Insta Open Insta Open Insta Open Insta Open Insta Open Insta Open Insta Open Insta Open Insta Open Insta Open Insta Open Insta Open Insta Open Insta Open Insta Open Insta Open Insta Open Insta Open Insta Open Insta Open Insta Open Insta Open Insta Open Insta Open Insta Open Insta Open Insta Open Insta Open Insta Open Insta Open Insta Open Open Insta Open In,OPEN_INSTAGRAM
Insta open Insta open Insta open Insta open Insta open Insta Open Insta Open Insta Open Insta Open Insta Open Insta Open Insta Open Insta Open Insta Open Insta Open Insta Open Insta Open Insta Open Insta Open Insta Open Insta Open Insta Open Insta Open Insta Open Insta Open Insta Open Insta Open Insta Open Insta Open Insta Open Insta Open Insta Open Insta Open Insta Open Insta Open Open Insta Open Insta Open In,OPEN_INSTAGRAM
Insta open Insta open Insta open Insta open Insta open Insta Open Insta Open Insta Open Insta Open Insta Open Insta Open Insta Open Insta Open Insta Open Insta Open Insta Open Insta Open Insta Open Insta Open Insta Open Insta Open Insta Open Insta Open Insta Open Insta Open Insta Open Insta Open Insta Open Insta Open Insta Open Insta Open Insta Open Insta Open Insta Open Open Insta Open Insta Open Insta Open In,OPEN_INSTAGRAM
open Twitter,OPEN_TWITTER
Twitter open Twitter open Twitter open Twitter open Twitter open Twitter open Twitter open Twitter open Twitter open Twitter open Twitter open Twitter open Twitter open Twitter open Twitter open Twitter open Twitter open Twitter open Twitter open Twitter open Twitter open Twitter open Twitter open Twitter open Twitter open Twitter open Twitter open Twitter open Twitter open Twitter open Twitter open Twitter open Twitter open Twitter open Twitter open Twitter open Twitter open Twitter open Twitter open Twitter open Twitter open Twitter open Twitter open Twitter open Twitter open Twitter open Twitter open Twitter open Twitter open Twitter open Twitter open Twitter open Twitter open Twitter open Twitter open Twitter open Twitter,OPEN_TWITTER
Twitter open Twitter open Twitter open Twitter open Twitter open Twitter open Twitter open Twitter open Twitter open Twitter open Twitter open Twitter open Twitter open Twitter open Twitter open Twitter open Twitter open Twitter open Twitter open Twitter open Twitter open Twitter open Twitter open Twitter open Twitter open Twitter open Twitter open Twitter open Twitter open Twitter open Twitter open Twitter open Twitter open Twitter open Twitter open Twitter open Twitter open Twitter open Twitter open Twitter open Twitter open Twitter open Twitter open Twitter open Twitter open Twitter open Twitter open Twitter open Twitter open Twitter open Twitter open Twitter open Twitter open Twitter open Twitter open Twitter,OPEN_TWITTER
Twitter open Twitter open Twitter open Twitter open Twitter open Twitter open Twitter open Twitter open Twitter open Twitter open Twitter open Twitter open Twitter open Twitter open Twitter open Twitter open Twitter open Twitter open Twitter open Twitter open Twitter open Twitter open Twitter open Twitter open Twitter open Twitter open Twitter open Twitter open Twitter open Twitter open Twitter open Twitter open Twitter open Twitter open Twitter open Twitter open Twitter open Twitter open Twitter open Twitter open Twitter open Twitter open Twitter open Twitter open Twitter open Twitter open Twitter open Twitter open Twitter open Twitter open Twitter open Twitter open Twitter open Twitter,OPEN_TWITTER
Twitter open Twitter open Twitter open Twitter open Twitter open Twitter open Twitter open Twitter open Twitter open Twitter open Twitter open Twitter open Twitter open Twitter open Twitter open Twitter open Twitter open Twitter open Twitter open Twitter open Twitter open Twitter open Twitter open Twitter open Twitter open Twitter open Twitter open Twitter open Twitter open Twitter open Twitter open Twitter open Twitter open Twitter open Twitter open Twitter open Twitter open Twitter open Twitter open Twitter open Twitter open Twitter open Twitter open Twitter open Twitter open Twitter open Twitter open Twitter open Twitter open Twitter open Twitter open Twitter open Twitter,OPEN_TWITTER
Twitter open Twitter open Twitter open Twitter open Twitter open Twitter open Twitter open Twitter open Twitter open Twitter open Twitter open Twitter open Twitter open Twitter open Twitter open Twitter open Twitter open Twitter open Twitter open Twitter open Twitter open Twitter open Twitter open Twitter open Twitter open Twitter open Twitter open Twitter open Twitter open Twitter open Twitter open Twitter open Twitter open Twitter open Twitter open Twitter open Twitter open Twitter open Twitter open Twitter open Twitter open Twitter open Twitter open Twitter open Twitter open Twitter open Twitter,OPEN_TWITTER
launch Twitter,OPEN_TWITTER
Twitter launch Twitter,OPEN_TWITTER
Twitter launch Twitter launch Twitter,OPEN_TWITTER
Twitter launch launch Twitter,OPEN_TWITTER
Twitter launch Twitter Launch Launch Twitter,OPEN_TWITTER
Twitter launch Twitter Launch Launch,OPEN_TWITTER
go to Twitter,OPEN_TWITTER
Twitter go to Twitter go to Twitter go to Twitter go to Twitter go to Twitter go to Twitter go to Twitter go to Twitter go to Twitter go to Twitter go to Twitter go to Twitter go to Twitter go to Twitter go to Twitter go to Twitter go to Twitter go to Twitter go to Twitter go to Twitter go to Twitter go to Twitter go to Twitter go to Twitter go to Twitter go to Twitter go to Twitter go to Twitter go to Twitter go to Twitter go to Twitter go to Twitter go to Twitter go to Twitter go to Twitter go to Twitter,OPEN_TWITTER
Twitter go to Twitter go to Twitter go to Twitter go to Twitter go to Twitter go to Twitter go to Twitter go to Twitter go to Twitter go to Twitter go to Twitter go to Twitter go to Twitter go to Twitter go to Twitter go to Twitter go to Twitter go to Twitter go to Twitter go to Twitter go to Twitter go to Twitter go to Twitter go to Twitter go to Twitter go to Twitter go to Twitter go to Twitter go to Twitter go to Twitter go to Twitter go to Twitter go to Twitter go to Twitter go to Twitter,OPEN_TWITTER
Twitter go to Twitter go to Twitter go to Twitter go to Twitter go to Twitter go to Twitter go to Twitter go to Twitter go to Twitter go to Twitter go to Twitter go to Twitter go to Twitter go to Twitter go to Twitter go to Twitter go to Twitter go to Twitter go to Twitter go to Twitter go to Twitter go to Twitter go to Twitter go to Twitter go to Twitter go to Twitter go to Twitter go to Twitter go to Twitter go to Twitter go to Twitter go to Twitter go to Twitter go to Twitter go to Twitter go to Twitter go to Twitter,OPEN_TWITTER
Twitter go to Twitter go to Twitter go to Twitter go to Twitter go to Twitter go to Twitter go to Twitter go to Twitter go to Twitter go to Twitter go to Twitter go to Twitter go to Twitter go to Twitter go to Twitter go to Twitter go to Twitter go to Twitter go to Twitter go to Twitter go to Twitter go to Twitter go to Twitter go to Twitter go to Twitter go to Twitter go to Twitter go to Twitter go to Twitter go to Twitter go to Twitter go to Twitter go to Twitter,OPEN_TWITTER
Twitter go to Twitter go to Twitter go to Twitter go to Twitter go to Twitter go to Twitter go to Twitter go to Twitter go to Twitter go to Twitter go to Twitter go to Twitter go to Twitter go to Twitter go to Twitter go to Twitter go to Twitter go to Twitter go to Twitter go to Twitter go to Twitter go to Twitter go to Twitter go to Twitter go to Twitter go to Twitter go to Twitter go to Twitter go to Twitter go to Twitter go to Twitter go to Twitter go to Twitter go to Twitter go to Twitter go to Twitter go to Twitter go,OPEN_TWITTER
start Twitter,OPEN_TWITTER
Twitter start Twitter - Start Twitter - Start Twitter - Start Twitter - Start Twitter - Start Twitter - Start Twitter - Start Twitter - Start Twitter - Start Twitter - Start Twitter - Start Twitter - Start Twitter - Start Twitter - Start Twitter - Start Twitter - Start Twitter - Start Twitter - Start Twitter - Start Twitter - Start Twitter - Start Twitter - Start Twitter - Start Twitter - Start Twitter - Start Twitter - Start Twitter - Start Twitter -,OPEN_TWITTER
Twitter start Twitter - Start Twitter - Start Twitter - Start Twitter - Start Twitter - Start Twitter - Start Twitter - Start Twitter - Start Twitter - Start Twitter - Start Twitter - Start Twitter - Start Twitter - Start Twitter - Start Twitter - Start Twitter - Start Twitter - Start Twitter - Twitter - Start Twitter - Start Twitter - Start Twitter - Start Twitter - Start Twitter - Start Twitter - Start Twitter - Start Twitter - Start Twitter - Start,OPEN_TWITTER
Twitter start Twitter - Start Twitter - Start Twitter - Start Twitter - Start Twitter - Start Twitter - Start Twitter - Start Twitter - Start Twitter - Start Twitter - Start Twitter - Start Twitter - Start Twitter - Start Twitter - Start Twitter - Start Twitter - Start Twitter - Start Twitter - Start Twitter - Start Twitter - Start Twitter - Twitter - Start Twitter - Start Twitter - Start Twitter - Start Twitter - Start Twitter - Start Twitter - Start,OPEN_TWITTER
Twitter start Twitter - Start Twitter - Start Twitter - Start Twitter - Start Twitter - Start Twitter - Start Twitter - Start Twitter - Start Twitter - Start Twitter - Start Twitter - Start Twitter - Start Twitter - Start Twitter - Start Twitter - Start Twitter - Start Twitter - Start Twitter - Start Twitter - Start Twitter - Start Twitter - Start Twitter - Start Twitter - Start Twitter - Start Twitter - Start Twitter - Start Twitter - Twitter - Start,OPEN_TWITTER
Twitter start Twitter - Start Twitter - Start Twitter - Start Twitter - Start Twitter - Start Twitter - Start Twitter - Start Twitter - Start Twitter - Start Twitter - Start Twitter - Start Twitter - Start Twitter - Start Twitter - Start Twitter - Start Twitter - Start Twitter - Start Twitter - Start Twitter - Start Twitter - Start Twitter - Start Twitter - Start Twitter - Start Twitter - Start Twitter - Start Twitter - Start Twitter - Start Twitter,OPEN_TWITTER
show Twitter,OPEN_TWITTER
Twitter shows Twitter,OPEN_TWITTER
Twitter will show Twitter on Twitter .,OPEN_TWITTER
Twitter will show Twitter on Twitter.,OPEN_TWITTER
Twitter will show Twitter on Twitter show .,OPEN_TWITTER
Twitter will show Twitter on Twitter show.,OPEN_TWITTER
access Twitter,OPEN_TWITTER
Twitter access Twitter,OPEN_TWITTER
Twitter access Twitter access Twitter access Twitter access Twitter access Twitter access Twitter access Twitter access Twitter access Twitter access Twitter access Twitter access Twitter access Twitter access Twitter access Twitter access Twitter access Twitter access Twitter access Twitter access Twitter access Twitter access Twitter access Twitter access Twitter access Twitter access Twitter Twitter access Twitter access Twitter access Twitter access Twitter access Twitter access Twitter Twitter access Twitter access Twitter Twitter access Twitter Twitter access Twitter access Twitter Twitter access Twitter access Twitter access Twitter access Twitter Twitter access Twitter access Twitter Twitter access Twitter access Twitter access Twitter Twitter access Twitter Twitter access Twitter access Twitter access Twitter Twitter access Twitter,OPEN_TWITTER
Twitter access Twitter access Twitter access Twitter access Twitter access Twitter access Twitter access Twitter access Twitter access Twitter access Twitter access Twitter access Twitter access Twitter access Twitter access Twitter access Twitter access Twitter access Twitter access Twitter access Twitter access Twitter access Twitter access Twitter access Twitter access Twitter access Twitter Twitter access Twitter access Twitter access Twitter access Twitter access Twitter access Twitter Twitter access Twitter access Twitter Twitter access Twitter Twitter access Twitter access Twitter Twitter access Twitter access Twitter access Twitter access Twitter Twitter access Twitter access Twitter Twitter access Twitter access Twitter access Twitter Twitter access Twitter Twitter access Twitter access Twitter access Twitter access Twitter Twitter,OPEN_TWITTER
Twitter access Twitter access Twitter access Twitter access Twitter access Twitter access Twitter access Twitter access Twitter access Twitter access Twitter access Twitter access Twitter access Twitter access Twitter access Twitter access Twitter access Twitter access Twitter access Twitter access Twitter access Twitter access Twitter access Twitter access Twitter access Twitter access Twitter Twitter access Twitter access Twitter access Twitter access Twitter access Twitter access Twitter Twitter access Twitter access Twitter Twitter access Twitter Twitter access Twitter access Twitter Twitter access Twitter access Twitter access Twitter access Twitter Twitter access Twitter access Twitter Twitter access Twitter Twitter access Twitter access Twitter access Twitter access Twitter Twitter access Twitter access Twitter access Twitter Twitter,OPEN_TWITTER
Twitter access Twitter access Twitter access Twitter access Twitter access Twitter access Twitter access Twitter access Twitter access Twitter access Twitter access Twitter access Twitter access Twitter access Twitter access Twitter access Twitter access Twitter access Twitter access Twitter access Twitter access Twitter access Twitter access Twitter access Twitter access Twitter access Twitter Twitter access Twitter access Twitter access Twitter access Twitter access Twitter access Twitter Twitter access Twitter access Twitter Twitter access Twitter Twitter access Twitter access Twitter Twitter access Twitter access Twitter access Twitter access Twitter Twitter access Twitter access Twitter Twitter access Twitter access Twitter access Twitter Twitter access Twitter Twitter access Twitter access Twitter access Twitter access Twitter access,OPEN_TWITTER
Twitter please,OPEN_TWITTER
Twitter please tweet Twitter please.,OPEN_TWITTER
Twitter please tweet Twitter please .,OPEN_TWITTER
Twitter please tweet twitter please.,OPEN_TWITTER
Twitter please tweet please .,OPEN_TWITTER
Twitter please tweet please,OPEN_TWITTER
bring up Twitter,OPEN_TWITTER
Twitter brings up Twitter .,OPEN_TWITTER
Twitter brought up bring up Twitter .,OPEN_TWITTER
Twitter brought up bring up Twitter.,OPEN_TWITTER
Twitter brought up Twitter brings up .,OPEN_TWITTER
Twitter brought up Twitter brings up.,OPEN_TWITTER
check Twitter,OPEN_TWITTER
Twitter - Check Twitter - Twitter - Check Twitter - Check Twitter - Check Twitter - Check Twitter - Check Twitter - Check Twitter - Check Twitter - Check Twitter - Check Twitter - Check Twitter - Check Twitter - Check Twitter - Check Twitter - Check Twitter - Check Twitter - Check Twitter - Check Twitter - Check Twitter - Check Twitter - Check Twitter - Check Twitter - Check Twitter - Check Twitter - Check Twitter - Check Twitter - Check Twitter ,OPEN_TWITTER
Twitter - Check Twitter - Check Twitter - Twitter - Check Twitter - Check Twitter - Check Twitter - Check Twitter - Check Twitter - Check Twitter - Check Twitter - Check Twitter - Check Twitter - Check Twitter - Check Twitter - Check Twitter - Check Twitter - Check Twitter - Check Twitter - Check Twitter - Check Twitter - Check Twitter - Check Twitter - Check Twitter - Check Twitter - Check Twitter - Check Twitter - Check Twitter - Check Twitter ,OPEN_TWITTER
Twitter - Check Twitter - Twitter - Check Twitter - Check Twitter - Check Twitter - Twitter - Check Twitter - Check Twitter - Check Twitter - Check Twitter - Check Twitter - Check Twitter - Check Twitter - Check Twitter - Check Twitter - Check Twitter - Check Twitter - Check Twitter - Check Twitter - Check Twitter - Check Twitter - Check Twitter - Check Twitter - Check Twitter - Check Twitter - Check Twitter - Check Twitter - Check Twitter -,OPEN_TWITTER
Twitter - Check Twitter - Twitter - Check Twitter - Check Twitter - Check Twitter - Check Twitter - Check Twitter - Check Twitter - Check Twitter - Twitter - Check Twitter - Check Twitter - Check Twitter - Check Twitter - Check Twitter - Check Twitter - Check Twitter - Check Twitter - Check Twitter - Check Twitter - Check Twitter - Check Twitter - Check Twitter - Check Twitter - Check Twitter - Check Twitter - Check Twitter - Check Twitter -,OPEN_TWITTER
Twitter - Check Twitter - Twitter - Check Twitter - Check Twitter - Check Twitter - Check Twitter - Check Twitter - Check Twitter - Check Twitter - Check Twitter - Check Twitter - Check Twitter - Check Twitter - Check Twitter - Check Twitter - Check Twitter - Check Twitter - Check Twitter - Check Twitter - Check Twitter - Check Twitter - Check Twitter - Check Twitter - Check Twitter - Check Twitter - Check Twitter - Check Twitter - Twitter -,OPEN_TWITTER
open X,OPEN_TWITTER
X open X open X open X open X open X open X open X open X open X open X open X open X open X open X open X open X open X open X open X open X open X open X open X open X open X open X open X open X open X open X open X open X open X open X open X open X open X,OPEN_TWITTER
Open X open X open X open X open X open X open X open X open X open X open X open X open X open X open X open X open X open X open X open X open X open X open X open X open X open X open X open X open X open X open X open X open X open X open X open X open X open ,OPEN_TWITTER
open X open X open X open X open X open X open X open X open X open X open X open X open X open X open X open X open X open X open X open X open X open X open X open X open X open X open X open X open X open X open X open X open X open X open X open X open X open ,OPEN_TWITTER
X open X open X open X open X open X open X open X open X open X open X open X open X open X open X open X open X open X open X open X open X open X open X open X open X open X open X open X open X open X open X open X open X open X open X open X open,OPEN_TWITTER
X open X open X open X open X open X open X open X open X open X open X open X open X open X open X open X open X open X open X open X open X open X open X open X open X open X open X open X open X open X open X open X open X open X open X open X Open X open X,OPEN_TWITTER
open LinkedIn,OPEN_LINKEDIN
LinkedIn open LinkedIn open LinkedIn open LinkedIn Open LinkedIn Open LinkedIn Open LinkedIn Open LinkedIn Open LinkedIn Open LinkedIn Open LinkedIn Open LinkedIn Open LinkedIn Open LinkedIn Open LinkedIn Open LinkedIn Open LinkedIn Open LinkedIn Open LinkedIn Open LinkedIn Open LinkedIn Open LinkedIn Open LinkedIn Open LinkedIn Open LinkedIn Open LinkedIn Open LinkedIn Open LinkedIn Open LinkedIn Open LinkedIn Open LinkedIn Open LinkedIn Open LinkedIn Open LinkedIn Open LinkedIn Open LinkedIn Open LinkedIn Open LinkedIn Open LinkedIn Open LinkedIn Open LinkedIn Open LinkedIn Open LinkedIn Open LinkedIn Open LinkedIn Open LinkedIn Open LinkedIn Open LinkedIn Open LinkedIn Open LinkedIn Open LinkedIn Open LinkedIn Open LinkedIn Open LinkedIn Open LinkedIn Open LinkedIn Open LinkedIn,OPEN_LINKEDIN
LinkedIn open LinkedIn open LinkedIn open LinkedIn Open LinkedIn Open LinkedIn Open LinkedIn Open LinkedIn Open LinkedIn Open LinkedIn Open LinkedIn Open LinkedIn Open LinkedIn Open LinkedIn Open LinkedIn Open LinkedIn Open LinkedIn Open LinkedIn Open LinkedIn Open LinkedIn Open LinkedIn Open LinkedIn Open LinkedIn Open LinkedIn Open LinkedIn Open LinkedIn Open LinkedIn Open LinkedIn Open LinkedIn Open LinkedIn Open LinkedIn Open LinkedIn Open LinkedIn Open LinkedIn Open LinkedIn Open LinkedIn Open LinkedIn Open LinkedIn Open LinkedIn Open LinkedIn Open LinkedIn Open LinkedIn Open LinkedIn Open LinkedIn Open LinkedIn Open LinkedIn Open LinkedIn Open LinkedIn Open LinkedIn Open LinkedIn Open LinkedIn Open LinkedIn Open LinkedIn Open LinkedIn Open LinkedIn Open LinkedIn,OPEN_LINKEDIN
LinkedIn open LinkedIn open LinkedIn open LinkedIn Open LinkedIn Open LinkedIn Open LinkedIn Open LinkedIn Open LinkedIn Open LinkedIn Open LinkedIn Open LinkedIn Open LinkedIn Open LinkedIn Open LinkedIn Open LinkedIn Open LinkedIn Open LinkedIn Open LinkedIn Open LinkedIn Open LinkedIn Open LinkedIn Open LinkedIn Open LinkedIn Open LinkedIn Open LinkedIn Open LinkedIn Open LinkedIn Open LinkedIn Open LinkedIn Open LinkedIn Open LinkedIn Open LinkedIn Open LinkedIn Open LinkedIn Open LinkedIn Open LinkedIn Open LinkedIn Open LinkedIn Open LinkedIn Open LinkedIn Open LinkedIn Open LinkedIn Open LinkedIn Open LinkedIn Open LinkedIn Open LinkedIn Open LinkedIn Open LinkedIn Open LinkedIn Open LinkedIn Open LinkedIn Open LinkedIn Open LinkedIn Open LinkedIn,OPEN_LINKEDIN
LinkedIn open LinkedIn open LinkedIn open LinkedIn Open LinkedIn Open LinkedIn Open LinkedIn Open LinkedIn Open LinkedIn Open LinkedIn Open LinkedIn Open LinkedIn Open LinkedIn Open LinkedIn Open LinkedIn Open LinkedIn Open LinkedIn Open LinkedIn Open LinkedIn Open LinkedIn Open LinkedIn Open LinkedIn Open LinkedIn Open LinkedIn Open LinkedIn Open LinkedIn Open LinkedIn Open LinkedIn Open LinkedIn Open LinkedIn Open LinkedIn Open LinkedIn Open LinkedIn Open LinkedIn Open LinkedIn Open LinkedIn Open LinkedIn Open LinkedIn Open LinkedIn Open LinkedIn Open LinkedIn Open LinkedIn Open LinkedIn Open LinkedIn Open LinkedIn Open LinkedIn Open LinkedIn Open LinkedIn Open LinkedIn Open LinkedIn Open LinkedIn Open LinkedIn Open LinkedIn Open LinkedIn,OPEN_LINKEDIN
LinkedIn open LinkedIn open LinkedIn open LinkedIn open LinkedIn open LinkedIn open LinkedIn open LinkedIn open LinkedIn open LinkedIn open LinkedIn open LinkedIn open LinkedIn open LinkedIn open LinkedIn open LinkedIn open LinkedIn open LinkedIn open LinkedIn open LinkedIn open LinkedIn open LinkedIn open LinkedIn open LinkedIn open LinkedIn open LinkedIn open LinkedIn open LinkedIn open LinkedIn open LinkedIn open LinkedIn open LinkedIn open LinkedIn open LinkedIn open LinkedIn open LinkedIn open LinkedIn open LinkedIn open LinkedIn open LinkedIn open LinkedIn open LinkedIn open LinkedIn open LinkedIn open LinkedIn open LinkedIn open LinkedIn open LinkedIn open LinkedIn open LinkedIn open LinkedIn open LinkedIn open LinkedIn open LinkedIn open LinkedIn open LinkedIn open LinkedIn,OPEN_LINKEDIN
launch LinkedIn,OPEN_LINKEDIN
LinkedIn launch launch LinkedIn launch LinkedIn,OPEN_LINKEDIN
LinkedIn launch launch LinkedIn launched LinkedIn,OPEN_LINKEDIN
LinkedIn launch LinkedIn,OPEN_LINKEDIN
LinkedIn launch LinkedIn launch Launch LinkedIn,OPEN_LINKEDIN
LinkedIn launch launch launch LinkedIn,OPEN_LINKEDIN
go to LinkedIn,OPEN_LINKEDIN
LinkedIn go to go to LinkedIn,OPEN_LINKEDIN
LinkedIn go to LinkedIn .,OPEN_LINKEDIN
LinkedIn go to LinkedIn.,OPEN_LINKEDIN
LinkedIn go to go to LinkedIn.,OPEN_LINKEDIN
LinkedIn go to LinkedIn Go to LinkedIn,OPEN_LINKEDIN
start LinkedIn,OPEN_LINKEDIN
LinkedIn start LinkedIn start LinkedIn start LinkedIn start LinkedIn start LinkedIn start LinkedIn start LinkedIn start LinkedIn start LinkedIn start LinkedIn start LinkedIn start LinkedIn start LinkedIn start LinkedIn start LinkedIn start LinkedIn start LinkedIn start LinkedIn start LinkedIn start LinkedIn start LinkedIn start LinkedIn start LinkedIn start LinkedIn start LinkedIn start LinkedIn start LinkedIn start LinkedIn start LinkedIn start LinkedIn start LinkedIn start LinkedIn start LinkedIn start LinkedIn start LinkedIn start LinkedIn start LinkedIn start LinkedIn start LinkedIn start LinkedIn start LinkedIn start LinkedIn start LinkedIn start LinkedIn start LinkedIn start LinkedIn start LinkedIn start LinkedIn start LinkedIn,OPEN_LINKEDIN
LinkedIn start LinkedIn start LinkedIn start LinkedIn start LinkedIn start LinkedIn start LinkedIn start LinkedIn start LinkedIn start LinkedIn start LinkedIn start LinkedIn start LinkedIn start LinkedIn start LinkedIn start LinkedIn start LinkedIn start LinkedIn start LinkedIn start LinkedIn start LinkedIn start LinkedIn start LinkedIn start LinkedIn start LinkedIn start LinkedIn start LinkedIn start LinkedIn start LinkedIn start LinkedIn start LinkedIn start LinkedIn start LinkedIn start LinkedIn start LinkedIn start LinkedIn start LinkedIn start LinkedIn start LinkedIn start LinkedIn start LinkedIn start LinkedIn start LinkedIn start LinkedIn,OPEN_LINKEDIN
LinkedIn start LinkedIn start LinkedIn start LinkedIn start LinkedIn start LinkedIn start LinkedIn start LinkedIn start LinkedIn start LinkedIn start LinkedIn start LinkedIn start LinkedIn start LinkedIn start LinkedIn start LinkedIn start LinkedIn start LinkedIn start LinkedIn start LinkedIn start LinkedIn start LinkedIn start LinkedIn start LinkedIn start LinkedIn start LinkedIn start LinkedIn start LinkedIn start LinkedIn start LinkedIn start LinkedIn start LinkedIn start LinkedIn start LinkedIn start LinkedIn start LinkedIn start LinkedIn start LinkedIn start LinkedIn start LinkedIn start LinkedIn start LinkedIn start LinkedIn start LinkedIn start LinkedIn,OPEN_LINKEDIN
LinkedIn start LinkedIn start LinkedIn start LinkedIn start LinkedIn start LinkedIn start LinkedIn start LinkedIn start LinkedIn start LinkedIn start LinkedIn start LinkedIn start LinkedIn start LinkedIn start LinkedIn start LinkedIn start LinkedIn start LinkedIn start LinkedIn start LinkedIn start LinkedIn start LinkedIn start LinkedIn start LinkedIn start LinkedIn start LinkedIn start LinkedIn start LinkedIn start LinkedIn start LinkedIn start LinkedIn start LinkedIn start LinkedIn start LinkedIn start LinkedIn start LinkedIn start LinkedIn start LinkedIn start LinkedIn start LinkedIn start LinkedIn start LinkedIn start LinkedIn start LinkedIn start LinkedIn start LinkedIn,OPEN_LINKEDIN
LinkedIn start LinkedIn start LinkedIn start LinkedIn start LinkedIn start LinkedIn start LinkedIn start LinkedIn start LinkedIn start LinkedIn start LinkedIn start LinkedIn start LinkedIn start LinkedIn start LinkedIn start LinkedIn start LinkedIn start LinkedIn start LinkedIn start LinkedIn start LinkedIn start LinkedIn start LinkedIn start LinkedIn start LinkedIn start LinkedIn start LinkedIn start LinkedIn start LinkedIn start LinkedIn start LinkedIn start LinkedIn start LinkedIn start LinkedIn start LinkedIn start LinkedIn start LinkedIn start LinkedIn start LinkedIn start LinkedIn start LinkedIn start LinkedIn start LinkedIn start LinkedIn start LinkedIn start LinkedIn start LinkedIn,OPEN_LINKEDIN
show LinkedIn,OPEN_LINKEDIN
LinkedIn Show LinkedIn Show LinkedIn Show LinkedIn Show LinkedIn Show LinkedIn Show LinkedIn Show LinkedIn Show LinkedIn Show LinkedIn Show LinkedIn Show LinkedIn Show LinkedIn Show LinkedIn Show LinkedIn Show LinkedIn Show LinkedIn Show LinkedIn Show LinkedIn Show LinkedIn Show LinkedIn Show LinkedIn Show LinkedIn Show LinkedIn Show LinkedIn Show LinkedIn Show LinkedIn Show LinkedIn Show LinkedIn Show LinkedIn Show LinkedIn Show LinkedIn Show LinkedIn Show LinkedIn Show LinkedIn Show LinkedIn Show LinkedIn Show LinkedIn Show LinkedIn Show LinkedIn Show LinkedIn Show LinkedIn Show LinkedIn Show LinkedIn Show LinkedIn Show LinkedIn Show LinkedIn Show LinkedIn Show LinkedIn Show LinkedIn Show LinkedIn Show LinkedIn Show LinkedIn Show LinkedIn Show LinkedIn Show LinkedIn Show LinkedIn,OPEN_LINKEDIN
LinkedIn Show LinkedIn Show LinkedIn Show LinkedIn Show LinkedIn Show LinkedIn Show LinkedIn Show LinkedIn Show LinkedIn Show LinkedIn Show LinkedIn Show LinkedIn Show LinkedIn Show LinkedIn Show LinkedIn Show LinkedIn Show LinkedIn Show LinkedIn Show LinkedIn Show LinkedIn Show LinkedIn Show LinkedIn Show LinkedIn Show LinkedIn Show LinkedIn Show LinkedIn Show LinkedIn Show LinkedIn Show LinkedIn Show LinkedIn Show LinkedIn Show LinkedIn Show LinkedIn Show LinkedIn Show LinkedIn Show LinkedIn Show LinkedIn Show LinkedIn Show LinkedIn Show LinkedIn Show LinkedIn Show LinkedIn Show LinkedIn Show LinkedIn Show LinkedIn Show LinkedIn Show LinkedIn Show LinkedIn Show LinkedIn Show LinkedIn Show LinkedIn Show LinkedIn Show LinkedIn Show LinkedIn Show LinkedIn,OPEN_LINKEDIN
LinkedIn Show LinkedIn Show LinkedIn Show LinkedIn Show LinkedIn Show LinkedIn Show LinkedIn Show LinkedIn Show LinkedIn Show LinkedIn Show LinkedIn Show LinkedIn Show LinkedIn Show LinkedIn Show LinkedIn Show LinkedIn Show LinkedIn Show LinkedIn Show LinkedIn Show LinkedIn Show LinkedIn Show LinkedIn Show LinkedIn Show LinkedIn Show LinkedIn Show LinkedIn Show LinkedIn Show LinkedIn Show LinkedIn Show LinkedIn Show LinkedIn Show LinkedIn Show LinkedIn Show LinkedIn Show LinkedIn Show LinkedIn Show LinkedIn Show LinkedIn Show LinkedIn Show LinkedIn Show LinkedIn Show LinkedIn Show LinkedIn Show LinkedIn Show LinkedIn Show LinkedIn Show LinkedIn Show LinkedIn Show LinkedIn Show LinkedIn Show LinkedIn Show LinkedIn Show LinkedIn Show LinkedIn,OPEN_LINKEDIN
LinkedIn Show LinkedIn Show LinkedIn Show LinkedIn Show LinkedIn Show LinkedIn Show LinkedIn Show LinkedIn Show LinkedIn Show LinkedIn Show LinkedIn Show LinkedIn Show LinkedIn Show LinkedIn Show LinkedIn Show LinkedIn Show LinkedIn Show LinkedIn Show LinkedIn Show LinkedIn Show LinkedIn Show LinkedIn Show LinkedIn Show LinkedIn Show LinkedIn Show LinkedIn Show LinkedIn Show LinkedIn Show LinkedIn Show LinkedIn Show LinkedIn Show LinkedIn Show LinkedIn Show LinkedIn Show LinkedIn Show LinkedIn Show LinkedIn Show LinkedIn Show LinkedIn Show LinkedIn Show LinkedIn Show LinkedIn Show LinkedIn Show LinkedIn Show LinkedIn Show LinkedIn Show LinkedIn Show LinkedIn Show LinkedIn Show LinkedIn Show LinkedIn Show LinkedIn Show LinkedIn,OPEN_LINKEDIN
LinkedIn Show LinkedIn Show LinkedIn Show LinkedIn Show LinkedIn Show LinkedIn Show LinkedIn Show LinkedIn Show LinkedIn Show LinkedIn Show LinkedIn Show LinkedIn Show LinkedIn Show LinkedIn Show LinkedIn Show LinkedIn Show LinkedIn Show LinkedIn Show LinkedIn Show LinkedIn Show LinkedIn Show LinkedIn Show LinkedIn Show LinkedIn Show LinkedIn Show LinkedIn Show LinkedIn Show LinkedIn Show LinkedIn Show LinkedIn Show LinkedIn Show LinkedIn Show LinkedIn Show LinkedIn Show LinkedIn Show LinkedIn Show LinkedIn Show LinkedIn Show LinkedIn Show LinkedIn Show LinkedIn Show LinkedIn Show LinkedIn Show LinkedIn Show LinkedIn Show LinkedIn Show LinkedIn Show LinkedIn Show LinkedIn Show LinkedIn,OPEN_LINKEDIN
access LinkedIn,OPEN_LINKEDIN
LinkedIn access LinkedIn access LinkedIn access LinkedIn access LinkedIn access LinkedIn access LinkedIn access LinkedIn access LinkedIn access LinkedIn access LinkedIn access LinkedIn access LinkedIn access LinkedIn access LinkedIn access LinkedIn access LinkedIn access LinkedIn access LinkedIn access LinkedIn access LinkedIn access LinkedIn access LinkedIn access LinkedIn access LinkedIn access LinkedIn access LinkedIn access LinkedIn access LinkedIn access LinkedIn access LinkedIn access LinkedIn access LinkedIn access LinkedIn access LinkedIn access LinkedIn access LinkedIn access LinkedIn access LinkedIn access LinkedIn access LinkedIn access LinkedIn access LinkedIn access LinkedIn access LinkedIn access LinkedIn access LinkedIn access LinkedIn access LinkedIn access LinkedIn access LinkedIn access LinkedIn access LinkedIn access LinkedIn access LinkedIn access LinkedIn access LinkedIn,OPEN_LINKEDIN
LinkedIn access access LinkedIn access LinkedIn access LinkedIn access LinkedIn access LinkedIn access LinkedIn access LinkedIn access LinkedIn access LinkedIn access LinkedIn access LinkedIn access LinkedIn access LinkedIn access LinkedIn access LinkedIn access LinkedIn access LinkedIn access LinkedIn access LinkedIn access LinkedIn access LinkedIn access LinkedIn access LinkedIn access LinkedIn access LinkedIn access LinkedIn access LinkedIn access LinkedIn access LinkedIn access LinkedIn access LinkedIn access LinkedIn access LinkedIn access LinkedIn access LinkedIn access LinkedIn access LinkedIn access LinkedIn access LinkedIn access LinkedIn access LinkedIn access LinkedIn access LinkedIn access LinkedIn access LinkedIn access LinkedIn access LinkedIn access LinkedIn access LinkedIn access LinkedIn access LinkedIn access LinkedIn access LinkedIn access LinkedIn access LinkedIn access,OPEN_LINKEDIN
LinkedIn access LinkedIn access LinkedIn access LinkedIn access LinkedIn access LinkedIn access LinkedIn access LinkedIn access LinkedIn access LinkedIn access LinkedIn access LinkedIn access LinkedIn access LinkedIn access LinkedIn access LinkedIn access LinkedIn access LinkedIn access LinkedIn access LinkedIn access LinkedIn access LinkedIn access LinkedIn access LinkedIn access LinkedIn access LinkedIn access LinkedIn access LinkedIn access LinkedIn access LinkedIn access LinkedIn access LinkedIn access LinkedIn access LinkedIn access LinkedIn access LinkedIn access LinkedIn access LinkedIn access LinkedIn access LinkedIn access LinkedIn access LinkedIn access LinkedIn access LinkedIn access LinkedIn access LinkedIn access LinkedIn access LinkedIn access LinkedIn access LinkedIn access LinkedIn access LinkedIn access LinkedIn access LinkedIn access LinkedIn access LinkedIn LinkedIn access,OPEN_LINKEDIN
LinkedIn access LinkedIn access LinkedIn access LinkedIn access LinkedIn access LinkedIn access LinkedIn access LinkedIn access LinkedIn access LinkedIn access LinkedIn access LinkedIn access LinkedIn access LinkedIn access LinkedIn access LinkedIn access LinkedIn access LinkedIn access LinkedIn access LinkedIn access LinkedIn access LinkedIn access LinkedIn access LinkedIn access LinkedIn access LinkedIn access LinkedIn access LinkedIn access LinkedIn access LinkedIn access LinkedIn access LinkedIn access LinkedIn access LinkedIn access LinkedIn access LinkedIn access LinkedIn access LinkedIn access LinkedIn access LinkedIn access LinkedIn access LinkedIn access LinkedIn access LinkedIn access LinkedIn access LinkedIn access LinkedIn access LinkedIn access LinkedIn access LinkedIn access LinkedIn access LinkedIn access LinkedIn access LinkedIn access LinkedIn,OPEN_LINKEDIN
LinkedIn access LinkedIn access LinkedIn access LinkedIn access LinkedIn access LinkedIn access LinkedIn access LinkedIn access LinkedIn access LinkedIn access LinkedIn access LinkedIn access LinkedIn access LinkedIn access LinkedIn access LinkedIn access LinkedIn access LinkedIn access LinkedIn access LinkedIn access LinkedIn access LinkedIn access LinkedIn access LinkedIn access LinkedIn access LinkedIn access LinkedIn access LinkedIn access LinkedIn access LinkedIn access LinkedIn access LinkedIn access LinkedIn access LinkedIn access LinkedIn access LinkedIn access LinkedIn access LinkedIn access LinkedIn access LinkedIn access LinkedIn access LinkedIn access LinkedIn access LinkedIn access LinkedIn access LinkedIn access LinkedIn access LinkedIn access LinkedIn,OPEN_LINKEDIN
LinkedIn please,OPEN_LINKEDIN
LinkedIn please. LinkedIn please.,OPEN_LINKEDIN
LinkedIn please.,OPEN_LINKEDIN
LinkedIn please share please LinkedIn please .,OPEN_LINKEDIN
LinkedIn please. LinkedIn please please.,OPEN_LINKEDIN
LinkedIn please share please LinkedIn please.,OPEN_LINKEDIN
bring up LinkedIn,OPEN_LINKEDIN
LinkedIn brings up LinkedIn to bring up LinkedIn .,OPEN_LINKEDIN
LinkedIn brings up LinkedIn to bring up LinkedIn.,OPEN_LINKEDIN
LinkedIn brings up LinkedIn .,OPEN_LINKEDIN
LinkedIn brings up LinkedIn.,OPEN_LINKEDIN
LinkedIn brought up bring up LinkedIn.,OPEN_LINKEDIN
check LinkedIn,OPEN_LINKEDIN
LinkedIn check LinkedIn check LinkedIn check LinkedIn check LinkedIn check LinkedIn check LinkedIn check LinkedIn check LinkedIn check LinkedIn check LinkedIn check LinkedIn check LinkedIn check LinkedIn check LinkedIn check LinkedIn check LinkedIn check LinkedIn check LinkedIn check LinkedIn check LinkedIn check LinkedIn check LinkedIn check LinkedIn check LinkedIn check LinkedIn check LinkedIn check LinkedIn check LinkedIn check LinkedIn check LinkedIn check LinkedIn check LinkedIn check LinkedIn check LinkedIn check LinkedIn check LinkedIn check LinkedIn check LinkedIn check LinkedIn check LinkedIn check LinkedIn check LinkedIn check LinkedIn check LinkedIn check LinkedIn check LinkedIn check LinkedIn check LinkedIn check LinkedIn check LinkedIn check LinkedIn check LinkedIn check LinkedIn check LinkedIn check LinkedIn check LinkedIn,OPEN_LINKEDIN
LinkedIn check LinkedIn check LinkedIn check LinkedIn check LinkedIn check LinkedIn check LinkedIn check LinkedIn check LinkedIn check LinkedIn check LinkedIn check LinkedIn check LinkedIn check LinkedIn check LinkedIn check LinkedIn check LinkedIn check LinkedIn check LinkedIn check LinkedIn check LinkedIn check LinkedIn check LinkedIn check LinkedIn check LinkedIn check LinkedIn check LinkedIn check LinkedIn check LinkedIn check LinkedIn check LinkedIn check LinkedIn check LinkedIn check LinkedIn check LinkedIn check LinkedIn check LinkedIn check LinkedIn check LinkedIn check LinkedIn check LinkedIn check LinkedIn check LinkedIn check LinkedIn check LinkedIn check LinkedIn check LinkedIn check LinkedIn check LinkedIn check LinkedIn check LinkedIn check LinkedIn check LinkedIn check LinkedIn check LinkedIn check LinkedIn,OPEN_LINKEDIN
LinkedIn check LinkedIn check LinkedIn check LinkedIn check LinkedIn check LinkedIn check LinkedIn check LinkedIn check LinkedIn check LinkedIn check LinkedIn check LinkedIn check LinkedIn check LinkedIn check LinkedIn check LinkedIn check LinkedIn check LinkedIn check LinkedIn check LinkedIn check LinkedIn check LinkedIn check LinkedIn check LinkedIn check LinkedIn check LinkedIn check LinkedIn check LinkedIn check LinkedIn check LinkedIn check LinkedIn check LinkedIn check LinkedIn check LinkedIn check LinkedIn check LinkedIn check LinkedIn check LinkedIn check LinkedIn check LinkedIn check LinkedIn check LinkedIn check LinkedIn check LinkedIn check LinkedIn check LinkedIn check LinkedIn check LinkedIn check LinkedIn check LinkedIn check LinkedIn check LinkedIn check LinkedIn check LinkedIn check LinkedIn,OPEN_LINKEDIN
LinkedIn check LinkedIn check LinkedIn check LinkedIn check LinkedIn check LinkedIn check LinkedIn check LinkedIn check LinkedIn check LinkedIn check LinkedIn check LinkedIn check LinkedIn check LinkedIn check LinkedIn check LinkedIn check LinkedIn check LinkedIn check LinkedIn check LinkedIn check LinkedIn check LinkedIn check LinkedIn check LinkedIn check LinkedIn check LinkedIn check LinkedIn check LinkedIn check LinkedIn check LinkedIn check LinkedIn check LinkedIn check LinkedIn check LinkedIn check LinkedIn check LinkedIn check LinkedIn check LinkedIn check LinkedIn check LinkedIn check LinkedIn check LinkedIn check LinkedIn check LinkedIn check LinkedIn check LinkedIn check LinkedIn check LinkedIn check LinkedIn check LinkedIn check LinkedIn check LinkedIn,OPEN_LINKEDIN
LinkedIn check LinkedIn check LinkedIn check LinkedIn check LinkedIn check LinkedIn check LinkedIn check LinkedIn check LinkedIn check LinkedIn check LinkedIn check LinkedIn check LinkedIn check LinkedIn check LinkedIn check LinkedIn check LinkedIn check LinkedIn check LinkedIn check LinkedIn check LinkedIn check LinkedIn check LinkedIn check LinkedIn check LinkedIn check LinkedIn check LinkedIn check LinkedIn check LinkedIn check LinkedIn check LinkedIn check LinkedIn check LinkedIn check LinkedIn check LinkedIn check LinkedIn check LinkedIn check LinkedIn check LinkedIn check LinkedIn check LinkedIn check LinkedIn check LinkedIn check LinkedIn check LinkedIn check LinkedIn check LinkedIn check LinkedIn check LinkedIn check LinkedIn check LinkedIn check LinkedIn check LinkedIn check LinkedIn check LinkedIn check LinkedIn Check LinkedIn,OPEN_LINKEDIN
open jobs site,OPEN_LINKEDIN
Open jobs site open jobs site open jobs site,OPEN_LINKEDIN
Open jobs site open jobs site,OPEN_LINKEDIN
Open jobs site open jobs site open jobs site open jobs site open jobs site open jobs site,OPEN_LINKEDIN
Open jobs site open jobs site open jobs site open jobs site,OPEN_LINKEDIN
Open jobs site open jobs site open jobs site open jobs site open jobs site,OPEN_LINKEDIN
open WhatsApp,OPEN_WHATSAPP_WEB
WhatsApp open WhatsApp open WhatsApp open WhatsApp open WhatsApp open WhatsApp open WhatsApp open WhatsApp open WhatsApp open WhatsApp open WhatsApp open WhatsApp open WhatsApp open WhatsApp open WhatsApp open WhatsApp open WhatsApp open WhatsApp open WhatsApp open WhatsApp open WhatsApp open WhatsApp open WhatsApp open WhatsApp open WhatsApp open WhatsApp open WhatsApp open WhatsApp open WhatsApp open WhatsApp open WhatsApp open WhatsApp open WhatsApp open WhatsApp open WhatsApp open WhatsApp open WhatsApp open WhatsApp open WhatsApp open WhatsApp open WhatsApp open WhatsApp open WhatsApp open WhatsApp open WhatsApp open WhatsApp open WhatsApp open WhatsApp open WhatsApp open WhatsApp open WhatsApp open WhatsApp open WhatsApp open WhatsApp open WhatsApp open WhatsApp open WhatsApp,OPEN_WHATSAPP_WEB
WhatsApp open WhatsApp open WhatsApp open WhatsApp open WhatsApp open WhatsApp open WhatsApp open WhatsApp open WhatsApp open WhatsApp open WhatsApp open WhatsApp open WhatsApp open WhatsApp open WhatsApp open WhatsApp open WhatsApp open WhatsApp open WhatsApp open WhatsApp open WhatsApp open WhatsApp open WhatsApp open WhatsApp open WhatsApp open WhatsApp open WhatsApp open WhatsApp open WhatsApp open WhatsApp open WhatsApp open WhatsApp open WhatsApp open WhatsApp open WhatsApp open WhatsApp open WhatsApp open WhatsApp open WhatsApp open WhatsApp open WhatsApp open WhatsApp open WhatsApp open WhatsApp open WhatsApp open WhatsApp open WhatsApp open WhatsApp open WhatsApp open WhatsApp open WhatsApp open WhatsApp WhatsApp open WhatsApp open WhatsApp WhatsApp open WhatsApp open WhatsApp,OPEN_WHATSAPP_WEB
WhatsApp open WhatsApp open WhatsApp open WhatsApp open WhatsApp open WhatsApp open WhatsApp open WhatsApp open WhatsApp open WhatsApp open WhatsApp open WhatsApp open WhatsApp open WhatsApp open WhatsApp open WhatsApp open WhatsApp open WhatsApp open WhatsApp open WhatsApp open WhatsApp open WhatsApp open WhatsApp open WhatsApp open WhatsApp open WhatsApp open WhatsApp open WhatsApp open WhatsApp open WhatsApp open WhatsApp open WhatsApp open WhatsApp open WhatsApp open WhatsApp open WhatsApp open WhatsApp open WhatsApp open WhatsApp open WhatsApp open WhatsApp open WhatsApp open WhatsApp open WhatsApp open WhatsApp open WhatsApp open WhatsApp open WhatsApp open WhatsApp open WhatsApp open WhatsApp open WhatsApp open WhatsApp open WhatsApp WhatsApp open WhatsApp open WhatsApp open,OPEN_WHATSAPP_WEB
WhatsApp open WhatsApp open WhatsApp open WhatsApp open WhatsApp open WhatsApp open WhatsApp open WhatsApp open WhatsApp open WhatsApp open WhatsApp open WhatsApp open WhatsApp open WhatsApp open WhatsApp open WhatsApp open WhatsApp open WhatsApp open WhatsApp open WhatsApp open WhatsApp open WhatsApp open WhatsApp open WhatsApp open WhatsApp open WhatsApp open WhatsApp open WhatsApp open WhatsApp open WhatsApp open WhatsApp open WhatsApp open WhatsApp open WhatsApp open WhatsApp open WhatsApp open WhatsApp open WhatsApp open WhatsApp open WhatsApp open WhatsApp open WhatsApp open WhatsApp open WhatsApp open WhatsApp open WhatsApp open WhatsApp open WhatsApp open WhatsApp open WhatsApp open WhatsApp open WhatsApp open WhatsApp open WhatsApp open WhatsApp WhatsApp open WhatsApp open,OPEN_WHATSAPP_WEB
WhatsApp open WhatsApp open WhatsApp open WhatsApp open WhatsApp open WhatsApp open WhatsApp open WhatsApp open WhatsApp open WhatsApp open WhatsApp open WhatsApp open WhatsApp open WhatsApp open WhatsApp open WhatsApp open WhatsApp open WhatsApp open WhatsApp open WhatsApp open WhatsApp open WhatsApp open WhatsApp open WhatsApp open WhatsApp open WhatsApp open WhatsApp open WhatsApp open WhatsApp open WhatsApp open WhatsApp open WhatsApp open WhatsApp open WhatsApp open WhatsApp open WhatsApp open WhatsApp open WhatsApp open WhatsApp open WhatsApp open WhatsApp open WhatsApp open WhatsApp open WhatsApp open WhatsApp open WhatsApp open WhatsApp open WhatsApp open WhatsApp open WhatsApp open WhatsApp WhatsApp open WhatsApp open WhatsApp open WhatsApp open WhatsApp open WhatsApp open,OPEN_WHATSAPP_WEB
launch WhatsApp Web,OPEN_WHATSAPP_WEB
Launch WhatsApp Web launch WhatsApp Web,OPEN_WHATSAPP_WEB
Launch WhatsApp Web Launch WhatsApp Web Launch,OPEN_WHATSAPP_WEB
Launch WhatsApp Web Launch WhatsApp Web,OPEN_WHATSAPP_WEB
Launch WhatsApp Web launch WhatsApp Web launch,OPEN_WHATSAPP_WEB
Launch WhatsApp Web Launch Launch WhatsApp Web,OPEN_WHATSAPP_WEB
go to WhatsApp,OPEN_WHATSAPP_WEB
WhatsApp goes to WhatsApp .,OPEN_WHATSAPP_WEB
WhatsApp go to WhatsApp .,OPEN_WHATSAPP_WEB
WhatsApp goes to WhatsApp.,OPEN_WHATSAPP_WEB
WhatsApp go to WhatsApp,OPEN_WHATSAPP_WEB
WhatsApp goes to WhatsApp to go to WhatsApp,OPEN_WHATSAPP_WEB
start WhatsApp,OPEN_WHATSAPP_WEB
WhatsApp start WhatsApp start WhatsApp start WhatsApp start WhatsApp WhatsApp start WhatsApp WhatsApp start WhatsApp WhatsApp start WhatsApp WhatsApp start WhatsApp WhatsApp start WhatsApp WhatsApp start WhatsApp WhatsApp start WhatsApp WhatsApp WhatsApp start WhatsApp WhatsApp WhatsApp WhatsApp WhatsApp WhatsApp WhatsApp WhatsApp WhatsApp WhatsApp WhatsApp WhatsApp WhatsApp WhatsApp WhatsApp WhatsApp WhatsApp WhatsApp WhatsApp WhatsApp WhatsApp WhatsApp WhatsApp WhatsApp WhatsApp WhatsApp WhatsApp WhatsApp WhatsApp WhatsApp WhatsApp WhatsApp WhatsApp WhatsApp WhatsApp WhatsApp WhatsApp WhatsApp WhatsApp WhatsApp WhatsApp WhatsApp WhatsApp WhatsApp WhatsApp WhatsApp WhatsApp WhatsApp WhatsApp WhatsApp WhatsApp WhatsApp WhatsApp WhatsApp WhatsApp WhatsApp WhatsApp WhatsApp WhatsApp WhatsApp WhatsApp WhatsApp WhatsApp WhatsApp WhatsApp WhatsApp WhatsApp WhatsApp WhatsApp WhatsApp WhatsApp WhatsApp WhatsApp WhatsApp WhatsApp WhatsApp WhatsApp WhatsApp WhatsApp WhatsApp,OPEN_WHATSAPP_WEB
WhatsApp start WhatsApp start WhatsApp start WhatsApp start WhatsApp WhatsApp start WhatsApp WhatsApp start WhatsApp WhatsApp start WhatsApp WhatsApp start WhatsApp WhatsApp start WhatsApp WhatsApp start WhatsApp WhatsApp start WhatsApp WhatsApp WhatsApp start WhatsApp WhatsApp WhatsApp WhatsApp WhatsApp WhatsApp WhatsApp WhatsApp WhatsApp WhatsApp WhatsApp WhatsApp WhatsApp WhatsApp WhatsApp WhatsApp WhatsApp WhatsApp WhatsApp WhatsApp WhatsApp WhatsApp WhatsApp WhatsApp WhatsApp WhatsApp WhatsApp WhatsApp WhatsApp WhatsApp WhatsApp WhatsApp WhatsApp WhatsApp WhatsApp WhatsApp WhatsApp WhatsApp WhatsApp WhatsApp WhatsApp WhatsApp WhatsApp WhatsApp WhatsApp WhatsApp WhatsApp WhatsApp WhatsApp WhatsApp WhatsApp WhatsApp WhatsApp WhatsApp WhatsApp WhatsApp WhatsApp WhatsApp WhatsApp WhatsApp WhatsApp WhatsApp WhatsApp WhatsApp WhatsApp WhatsApp WhatsApp WhatsApp WhatsApp WhatsApp WhatsApp WhatsApp WhatsApp WhatsApp WhatsApp WhatsApp WhatsApp WhatsApp WhatsApp,OPEN_WHATSAPP_WEB
WhatsApp start WhatsApp start WhatsApp start WhatsApp start WhatsApp start WhatsApp WhatsApp start WhatsApp WhatsApp start WhatsApp WhatsApp start WhatsApp WhatsApp start WhatsApp WhatsApp start WhatsApp WhatsApp start WhatsApp WhatsApp WhatsApp start WhatsApp WhatsApp WhatsApp start WhatsApp WhatsApp WhatsApp WhatsApp WhatsApp WhatsApp WhatsApp WhatsApp WhatsApp WhatsApp WhatsApp WhatsApp WhatsApp WhatsApp WhatsApp WhatsApp WhatsApp WhatsApp WhatsApp WhatsApp WhatsApp WhatsApp WhatsApp WhatsApp WhatsApp WhatsApp WhatsApp WhatsApp WhatsApp WhatsApp WhatsApp WhatsApp WhatsApp WhatsApp WhatsApp WhatsApp WhatsApp WhatsApp WhatsApp WhatsApp WhatsApp WhatsApp WhatsApp WhatsApp WhatsApp WhatsApp WhatsApp WhatsApp WhatsApp WhatsApp WhatsApp WhatsApp WhatsApp WhatsApp WhatsApp WhatsApp WhatsApp WhatsApp WhatsApp WhatsApp WhatsApp WhatsApp WhatsApp WhatsApp WhatsApp WhatsApp WhatsApp WhatsApp WhatsApp WhatsApp WhatsApp WhatsApp WhatsApp WhatsApp WhatsApp WhatsApp WhatsApp,OPEN_WHATSAPP_WEB
WhatsApp start WhatsApp start WhatsApp start WhatsApp start WhatsApp WhatsApp start WhatsApp WhatsApp start WhatsApp WhatsApp start WhatsApp WhatsApp start WhatsApp WhatsApp start WhatsApp WhatsApp start WhatsApp WhatsApp start WhatsApp WhatsApp WhatsApp start WhatsApp WhatsApp WhatsApp WhatsApp WhatsApp WhatsApp WhatsApp WhatsApp WhatsApp WhatsApp WhatsApp WhatsApp WhatsApp WhatsApp WhatsApp WhatsApp WhatsApp WhatsApp WhatsApp WhatsApp WhatsApp WhatsApp WhatsApp WhatsApp WhatsApp WhatsApp WhatsApp WhatsApp WhatsApp WhatsApp WhatsApp WhatsApp WhatsApp WhatsApp WhatsApp WhatsApp WhatsApp WhatsApp WhatsApp WhatsApp WhatsApp WhatsApp WhatsApp WhatsApp WhatsApp WhatsApp WhatsApp WhatsApp WhatsApp WhatsApp WhatsApp WhatsApp WhatsApp WhatsApp WhatsApp WhatsApp WhatsApp WhatsApp WhatsApp WhatsApp WhatsApp WhatsApp WhatsApp WhatsApp WhatsApp WhatsApp WhatsApp WhatsApp WhatsApp WhatsApp WhatsApp WhatsApp WhatsApp WhatsApp WhatsApp WhatsApp WhatsApp,OPEN_WHATSAPP_WEB
WhatsApp start WhatsApp start WhatsApp start WhatsApp start WhatsApp WhatsApp start WhatsApp WhatsApp start WhatsApp WhatsApp start WhatsApp WhatsApp start WhatsApp WhatsApp start WhatsApp WhatsApp start WhatsApp WhatsApp start WhatsApp WhatsApp WhatsApp start WhatsApp WhatsApp WhatsApp WhatsApp WhatsApp WhatsApp WhatsApp WhatsApp WhatsApp WhatsApp WhatsApp WhatsApp WhatsApp WhatsApp WhatsApp WhatsApp WhatsApp WhatsApp WhatsApp WhatsApp WhatsApp WhatsApp WhatsApp WhatsApp WhatsApp WhatsApp WhatsApp WhatsApp WhatsApp WhatsApp WhatsApp WhatsApp WhatsApp WhatsApp WhatsApp WhatsApp WhatsApp WhatsApp WhatsApp WhatsApp WhatsApp WhatsApp WhatsApp WhatsApp WhatsApp WhatsApp WhatsApp WhatsApp WhatsApp WhatsApp WhatsApp WhatsApp WhatsApp WhatsApp WhatsApp WhatsApp WhatsApp WhatsApp WhatsApp WhatsApp WhatsApp WhatsApp WhatsApp WhatsApp WhatsApp WhatsApp WhatsApp WhatsApp WhatsApp WhatsApp WhatsApp WhatsApp WhatsApp WhatsApp WhatsApp WhatsApp,OPEN_WHATSAPP_WEB
show WhatsApp,OPEN_WHATSAPP_WEB
WhatsApp show WhatsApp show WhatsApp show WhatsApp show WhatsApp show WhatsApp show WhatsApp show WhatsApp show WhatsApp show WhatsApp show WhatsApp show WhatsApp show WhatsApp show WhatsApp show WhatsApp show WhatsApp show WhatsApp show WhatsApp show WhatsApp show WhatsApp show WhatsApp show WhatsApp show WhatsApp show WhatsApp show WhatsApp show WhatsApp show WhatsApp show WhatsApp show WhatsApp show WhatsApp show WhatsApp show WhatsApp show WhatsApp show WhatsApp show WhatsApp show WhatsApp show WhatsApp show WhatsApp show WhatsApp show WhatsApp show WhatsApp show WhatsApp show WhatsApp show WhatsApp show WhatsApp show WhatsApp show WhatsApp show WhatsApp show WhatsApp show WhatsApp show WhatsApp show WhatsApp show WhatsApp show WhatsApp show WhatsApp show WhatsApp show WhatsApp,OPEN_WHATSAPP_WEB
WhatsApp show WhatsApp show WhatsApp show WhatsApp show WhatsApp show WhatsApp show WhatsApp show WhatsApp show WhatsApp show WhatsApp show WhatsApp show WhatsApp show WhatsApp show WhatsApp show WhatsApp show WhatsApp show WhatsApp show WhatsApp show WhatsApp show WhatsApp show WhatsApp show WhatsApp show WhatsApp show WhatsApp show WhatsApp show WhatsApp show WhatsApp show WhatsApp show WhatsApp show WhatsApp show WhatsApp show WhatsApp show WhatsApp show WhatsApp show WhatsApp show WhatsApp show WhatsApp show WhatsApp show WhatsApp show WhatsApp show WhatsApp show WhatsApp show WhatsApp show WhatsApp show WhatsApp show WhatsApp show WhatsApp show WhatsApp show WhatsApp show WhatsApp show WhatsApp show WhatsApp show WhatsApp show WhatsApp show WhatsApp show WhatsApp,OPEN_WHATSAPP_WEB
WhatsApp show WhatsApp show WhatsApp show WhatsApp show WhatsApp show WhatsApp show WhatsApp show WhatsApp show WhatsApp show WhatsApp show WhatsApp show WhatsApp show WhatsApp show WhatsApp show WhatsApp show WhatsApp show WhatsApp show WhatsApp show WhatsApp show WhatsApp show WhatsApp show WhatsApp show WhatsApp show WhatsApp show WhatsApp show WhatsApp show WhatsApp show WhatsApp show WhatsApp show WhatsApp show WhatsApp show WhatsApp show WhatsApp show WhatsApp show WhatsApp show WhatsApp show WhatsApp show WhatsApp show WhatsApp show WhatsApp show WhatsApp show WhatsApp show WhatsApp show WhatsApp show WhatsApp show WhatsApp show WhatsApp show WhatsApp show WhatsApp show WhatsApp show WhatsApp show WhatsApp show WhatsApp show WhatsApp,OPEN_WHATSAPP_WEB
WhatsApp show WhatsApp show WhatsApp show WhatsApp show WhatsApp show WhatsApp show WhatsApp show WhatsApp show WhatsApp show WhatsApp show WhatsApp show WhatsApp show WhatsApp show WhatsApp show WhatsApp show WhatsApp show WhatsApp show WhatsApp show WhatsApp show WhatsApp show WhatsApp show WhatsApp show WhatsApp show WhatsApp show WhatsApp show WhatsApp show WhatsApp show WhatsApp show WhatsApp show WhatsApp show WhatsApp show WhatsApp show WhatsApp show WhatsApp show WhatsApp show WhatsApp show WhatsApp show WhatsApp show WhatsApp show WhatsApp show WhatsApp show WhatsApp show WhatsApp show WhatsApp show WhatsApp show WhatsApp show WhatsApp show WhatsApp show WhatsApp show WhatsApp show WhatsApp show WhatsApp show WhatsApp,OPEN_WHATSAPP_WEB
WhatsApp show WhatsApp show WhatsApp show WhatsApp show WhatsApp show WhatsApp show WhatsApp show WhatsApp show WhatsApp show WhatsApp show WhatsApp show WhatsApp show WhatsApp show WhatsApp show WhatsApp show WhatsApp show WhatsApp show WhatsApp show WhatsApp show WhatsApp show WhatsApp show WhatsApp show WhatsApp show WhatsApp show WhatsApp show WhatsApp show WhatsApp show WhatsApp show WhatsApp show WhatsApp show WhatsApp show WhatsApp show WhatsApp show WhatsApp show WhatsApp show WhatsApp show WhatsApp show WhatsApp show WhatsApp show WhatsApp show WhatsApp show WhatsApp show WhatsApp show WhatsApp show WhatsApp show WhatsApp show WhatsApp show WhatsApp show WhatsApp show WhatsApp show WhatsApp show WhatsApp,OPEN_WHATSAPP_WEB
access WhatsApp Web,OPEN_WHATSAPP_WEB
Access WhatsApp Web access WhatsApp Web access WhatsApp Web access WhatsApp Web access WhatsApp Web access WhatsApp Web access WhatsApp Web access WhatsApp Web access WhatsApp Web access WhatsApp Web access WhatsApp Web access WhatsApp Web access WhatsApp Web access WhatsApp Web access WhatsApp Web access WhatsApp Web access WhatsApp Web access WhatsApp Web access WhatsApp Web access WhatsApp Web access WhatsApp Web access WhatsApp Web access WhatsApp Web access WhatsApp Web access WhatsApp Web access WhatsApp Web access WhatsApp Web access WhatsApp Web access WhatsApp Web access WhatsApp Web access WhatsApp Web access WhatsApp Web access WhatsApp Web access WhatsApp Web access WhatsApp Web access WhatsApp Web access WhatsApp Web access WhatsApp,OPEN_WHATSAPP_WEB
Access WhatsApp Web access WhatsApp Web access WhatsApp Web access WhatsApp Web access WhatsApp Web access WhatsApp Web access WhatsApp Web access WhatsApp Web access WhatsApp Web access WhatsApp Web access WhatsApp Web access WhatsApp Web access WhatsApp Web access WhatsApp Web access WhatsApp Web access WhatsApp Web access WhatsApp Web access WhatsApp Web access WhatsApp Web access WhatsApp Web access WhatsApp Web access WhatsApp Web access WhatsApp Web access WhatsApp Web access WhatsApp Web access WhatsApp Web access WhatsApp Web access WhatsApp Web access WhatsApp Web access WhatsApp Web access WhatsApp Web access WhatsApp Web access WhatsApp Web access WhatsApp Web access WhatsApp Web access WhatsApp Web access WhatsApp,OPEN_WHATSAPP_WEB
Access WhatsApp Web access WhatsApp Web access WhatsApp Web access WhatsApp Web access WhatsApp Web access WhatsApp Web access WhatsApp Web access WhatsApp Web access WhatsApp Web access WhatsApp Web access WhatsApp Web access WhatsApp Web access WhatsApp Web access WhatsApp Web access WhatsApp Web access WhatsApp Web access WhatsApp Web access WhatsApp Web access WhatsApp Web access WhatsApp Web access WhatsApp Web access WhatsApp Web access WhatsApp Web access WhatsApp Web access WhatsApp Web access WhatsApp Web access WhatsApp Web access WhatsApp Web access WhatsApp Web access WhatsApp Web access WhatsApp Web access WhatsApp Web access WhatsApp Web access WhatsApp Web access WhatsApp Web access WhatsApp,OPEN_WHATSAPP_WEB
Access WhatsApp Web access WhatsApp Web access WhatsApp Web access WhatsApp Web access WhatsApp Web access WhatsApp Web access WhatsApp Web access WhatsApp Web access WhatsApp Web access WhatsApp Web access WhatsApp Web access WhatsApp Web access WhatsApp Web access WhatsApp Web access WhatsApp Web access WhatsApp Web access WhatsApp Web access WhatsApp Web access WhatsApp Web access WhatsApp Web access WhatsApp Web access WhatsApp Web access WhatsApp Web access WhatsApp Web access WhatsApp Web access WhatsApp Web access WhatsApp Web access WhatsApp Web access WhatsApp Web access WhatsApp Web access WhatsApp Web access WhatsApp Web access WhatsApp Web access WhatsApp web access WhatsApp Web access WhatsApp Web access WhatsApp Web access WhatsApp,OPEN_WHATSAPP_WEB
Access WhatsApp Web access WhatsApp Web access WhatsApp Web access WhatsApp Web access WhatsApp Web access WhatsApp Web access WhatsApp Web access WhatsApp Web access WhatsApp Web access WhatsApp Web access WhatsApp Web access WhatsApp Web access WhatsApp Web access WhatsApp Web access WhatsApp Web access WhatsApp Web access WhatsApp Web access WhatsApp Web access WhatsApp Web access WhatsApp Web access WhatsApp Web access WhatsApp Web access WhatsApp Web access WhatsApp Web access WhatsApp Web access WhatsApp Web access WhatsApp Web access WhatsApp Web access WhatsApp Web access WhatsApp Web access WhatsApp Web access WhatsApp Web access WhatsApp Web access WhatsApp Web access WhatsApp,OPEN_WHATSAPP_WEB
WhatsApp please,OPEN_WHATSAPP_WEB
WhatsApp please WhatsApp please WhatsApp please WhatsApp please WhatsApp please WhatsApp please WhatsApp please WhatsApp please WhatsApp please WhatsApp please WhatsApp please WhatsApp please WhatsApp please WhatsApp please WhatsApp please WhatsApp please WhatsApp please WhatsApp please WhatsApp please WhatsApp please WhatsApp please WhatsApp please WhatsApp please WhatsApp please WhatsApp please WhatsApp please WhatsApp please WhatsApp please WhatsApp please WhatsApp please WhatsApp please WhatsApp please WhatsApp please WhatsApp please WhatsApp please WhatsApp please WhatsApp please WhatsApp please WhatsApp please WhatsApp please WhatsApp please WhatsApp please WhatsApp please WhatsApp please WhatsApp please WhatsApp please WhatsApp please WhatsApp please WhatsApp please WhatsApp please WhatsApp please WhatsApp please WhatsApp please WhatsApp please WhatsApp please WhatsApp please WhatsApp,OPEN_WHATSAPP_WEB
WhatsApp please WhatsApp please WhatsApp please WhatsApp please WhatsApp please WhatsApp please WhatsApp please WhatsApp please WhatsApp please WhatsApp please WhatsApp please WhatsApp please WhatsApp please WhatsApp please WhatsApp please WhatsApp please WhatsApp please WhatsApp please WhatsApp please WhatsApp please WhatsApp please WhatsApp please WhatsApp please WhatsApp please WhatsApp please WhatsApp please WhatsApp please WhatsApp please WhatsApp please WhatsApp please WhatsApp please WhatsApp please WhatsApp please WhatsApp please WhatsApp please WhatsApp please WhatsApp please WhatsApp please WhatsApp please WhatsApp please WhatsApp please WhatsApp please WhatsApp please WhatsApp please WhatsApp please WhatsApp please WhatsApp please WhatsApp please WhatsApp please WhatsApp please WhatsApp please WhatsApp please WhatsApp please WhatsApp please WhatsApp please WhatsApp,OPEN_WHATSAPP_WEB
WhatsApp please WhatsApp please WhatsApp please WhatsApp please WhatsApp please WhatsApp please WhatsApp please WhatsApp please WhatsApp please WhatsApp please WhatsApp please WhatsApp please WhatsApp please WhatsApp please WhatsApp please WhatsApp please WhatsApp please WhatsApp please WhatsApp please WhatsApp please WhatsApp please WhatsApp please WhatsApp please WhatsApp please WhatsApp please WhatsApp please WhatsApp please WhatsApp please WhatsApp please WhatsApp please WhatsApp please WhatsApp please WhatsApp please WhatsApp please WhatsApp please WhatsApp please WhatsApp please WhatsApp please WhatsApp please WhatsApp please WhatsApp please WhatsApp please WhatsApp please WhatsApp please WhatsApp please WhatsApp please WhatsApp please WhatsApp please WhatsApp please WhatsApp please WhatsApp please WhatsApp please WhatsApp please WhatsApp please WhatsApp,OPEN_WHATSAPP_WEB
WhatsApp please WhatsApp please WhatsApp please WhatsApp please WhatsApp please WhatsApp please WhatsApp please WhatsApp please WhatsApp please WhatsApp please WhatsApp please WhatsApp please WhatsApp please WhatsApp please WhatsApp please WhatsApp please WhatsApp please WhatsApp please WhatsApp please WhatsApp please WhatsApp please WhatsApp please WhatsApp please WhatsApp please WhatsApp please WhatsApp please WhatsApp please WhatsApp please WhatsApp please WhatsApp please WhatsApp please WhatsApp please WhatsApp please WhatsApp please WhatsApp please WhatsApp please WhatsApp please WhatsApp please WhatsApp please WhatsApp please WhatsApp please WhatsApp please WhatsApp please WhatsApp please WhatsApp please WhatsApp please WhatsApp please WhatsApp please WhatsApp please WhatsApp please WhatsApp please WhatsApp please WhatsApp please WhatsApp,OPEN_WHATSAPP_WEB
WhatsApp please WhatsApp please WhatsApp please WhatsApp please WhatsApp please WhatsApp please WhatsApp please WhatsApp please WhatsApp please WhatsApp please WhatsApp please WhatsApp please WhatsApp please WhatsApp please WhatsApp please WhatsApp please WhatsApp please WhatsApp please WhatsApp please WhatsApp please WhatsApp please WhatsApp please WhatsApp please WhatsApp please WhatsApp please WhatsApp please WhatsApp please WhatsApp please WhatsApp please WhatsApp please WhatsApp please WhatsApp please WhatsApp please WhatsApp please WhatsApp please WhatsApp please WhatsApp please WhatsApp please WhatsApp please WhatsApp please WhatsApp please WhatsApp please WhatsApp please WhatsApp please WhatsApp please WhatsApp please WhatsApp please WhatsApp please WhatsApp please WhatsApp please WhatsApp please WhatsApp please WhatsApp,OPEN_WHATSAPP_WEB
check WhatsApp,OPEN_WHATSAPP_WEB
WhatsApp check WhatsApp check WhatsApp check WhatsApp check WhatsApp check WhatsApp check WhatsApp check WhatsApp check WhatsApp WhatsApp check WhatsApp WhatsApp check WhatsApp WhatsApp check WhatsApp WhatsApp check WhatsApp WhatsApp check WhatsApp WhatsApp check WhatsApp WhatsApp check WhatsApp WhatsApp check WhatsApp WhatsApp check WhatsApp WhatsApp check WhatsApp WhatsApp check WhatsApp WhatsApp WhatsApp check WhatsApp WhatsApp WhatsApp WhatsApp WhatsApp WhatsApp WhatsApp WhatsApp WhatsApp WhatsApp WhatsApp WhatsApp WhatsApp WhatsApp WhatsApp WhatsApp WhatsApp WhatsApp WhatsApp WhatsApp WhatsApp WhatsApp WhatsApp WhatsApp WhatsApp WhatsApp WhatsApp WhatsApp WhatsApp WhatsApp WhatsApp WhatsApp WhatsApp WhatsApp WhatsApp WhatsApp WhatsApp WhatsApp WhatsApp WhatsApp WhatsApp WhatsApp WhatsApp WhatsApp WhatsApp WhatsApp WhatsApp WhatsApp WhatsApp WhatsApp WhatsApp WhatsApp WhatsApp WhatsApp WhatsApp WhatsApp WhatsApp WhatsApp WhatsApp WhatsApp,OPEN_WHATSAPP_WEB
WhatsApp check WhatsApp check WhatsApp check WhatsApp check WhatsApp check WhatsApp check WhatsApp check WhatsApp check WhatsApp WhatsApp check WhatsApp WhatsApp check WhatsApp WhatsApp check WhatsApp WhatsApp check WhatsApp WhatsApp check WhatsApp WhatsApp check WhatsApp WhatsApp check WhatsApp WhatsApp check WhatsApp WhatsApp check WhatsApp WhatsApp check WhatsApp WhatsApp WhatsApp check WhatsApp WhatsApp WhatsApp check WhatsApp WhatsApp WhatsApp WhatsApp WhatsApp WhatsApp WhatsApp WhatsApp WhatsApp WhatsApp WhatsApp WhatsApp WhatsApp WhatsApp WhatsApp WhatsApp WhatsApp WhatsApp WhatsApp WhatsApp WhatsApp WhatsApp WhatsApp WhatsApp WhatsApp WhatsApp WhatsApp WhatsApp WhatsApp WhatsApp WhatsApp WhatsApp WhatsApp WhatsApp WhatsApp WhatsApp WhatsApp WhatsApp WhatsApp WhatsApp WhatsApp WhatsApp WhatsApp WhatsApp WhatsApp WhatsApp WhatsApp WhatsApp WhatsApp WhatsApp WhatsApp WhatsApp WhatsApp WhatsApp WhatsApp WhatsApp WhatsApp WhatsApp WhatsApp,OPEN_WHATSAPP_WEB
WhatsApp check WhatsApp check WhatsApp check WhatsApp check WhatsApp check WhatsApp check WhatsApp check WhatsApp check WhatsApp WhatsApp check WhatsApp WhatsApp check WhatsApp WhatsApp check WhatsApp WhatsApp check WhatsApp WhatsApp check WhatsApp WhatsApp check WhatsApp WhatsApp check WhatsApp WhatsApp check WhatsApp WhatsApp check WhatsApp WhatsApp check WhatsApp WhatsApp check WhatsApp WhatsApp WhatsApp check WhatsApp WhatsApp WhatsApp check WhatsApp WhatsApp WhatsApp WhatsApp WhatsApp WhatsApp WhatsApp WhatsApp WhatsApp WhatsApp WhatsApp WhatsApp WhatsApp WhatsApp WhatsApp WhatsApp WhatsApp WhatsApp WhatsApp WhatsApp WhatsApp WhatsApp WhatsApp WhatsApp WhatsApp WhatsApp WhatsApp WhatsApp WhatsApp WhatsApp WhatsApp WhatsApp WhatsApp WhatsApp WhatsApp WhatsApp WhatsApp WhatsApp WhatsApp WhatsApp WhatsApp WhatsApp WhatsApp WhatsApp WhatsApp WhatsApp WhatsApp WhatsApp WhatsApp WhatsApp WhatsApp WhatsApp WhatsApp WhatsApp WhatsApp WhatsApp,OPEN_WHATSAPP_WEB
WhatsApp check WhatsApp check WhatsApp check WhatsApp check WhatsApp check WhatsApp check WhatsApp check WhatsApp check WhatsApp WhatsApp check WhatsApp WhatsApp check WhatsApp WhatsApp check WhatsApp WhatsApp check WhatsApp WhatsApp check WhatsApp WhatsApp check WhatsApp WhatsApp check WhatsApp WhatsApp check WhatsApp WhatsApp check WhatsApp WhatsApp check WhatsApp WhatsApp check WhatsApp WhatsApp check WhatsApp WhatsApp WhatsApp check WhatsApp WhatsApp WhatsApp WhatsApp WhatsApp WhatsApp WhatsApp WhatsApp WhatsApp WhatsApp WhatsApp WhatsApp WhatsApp WhatsApp WhatsApp WhatsApp WhatsApp WhatsApp WhatsApp WhatsApp WhatsApp WhatsApp WhatsApp WhatsApp WhatsApp WhatsApp WhatsApp WhatsApp WhatsApp WhatsApp WhatsApp WhatsApp WhatsApp WhatsApp WhatsApp WhatsApp WhatsApp WhatsApp WhatsApp WhatsApp WhatsApp WhatsApp WhatsApp WhatsApp WhatsApp WhatsApp WhatsApp WhatsApp WhatsApp WhatsApp WhatsApp WhatsApp WhatsApp WhatsApp WhatsApp WhatsApp WhatsApp,OPEN_WHATSAPP_WEB
WhatsApp check WhatsApp check WhatsApp check WhatsApp check WhatsApp check WhatsApp check WhatsApp check WhatsApp check WhatsApp WhatsApp check WhatsApp WhatsApp check WhatsApp WhatsApp check WhatsApp WhatsApp check WhatsApp WhatsApp check WhatsApp WhatsApp check WhatsApp WhatsApp check WhatsApp WhatsApp check WhatsApp WhatsApp check WhatsApp WhatsApp check WhatsApp WhatsApp check WhatsApp WhatsApp check WhatsApp WhatsApp WhatsApp check WhatsApp WhatsApp WhatsApp check WhatsApp WhatsApp WhatsApp WhatsApp WhatsApp WhatsApp WhatsApp WhatsApp WhatsApp WhatsApp WhatsApp WhatsApp WhatsApp WhatsApp WhatsApp WhatsApp WhatsApp WhatsApp WhatsApp WhatsApp WhatsApp WhatsApp WhatsApp WhatsApp WhatsApp WhatsApp WhatsApp WhatsApp WhatsApp WhatsApp WhatsApp WhatsApp WhatsApp WhatsApp WhatsApp WhatsApp WhatsApp WhatsApp WhatsApp WhatsApp WhatsApp WhatsApp WhatsApp WhatsApp WhatsApp WhatsApp WhatsApp WhatsApp WhatsApp WhatsApp WhatsApp WhatsApp WhatsApp,OPEN_WHATSAPP_WEB
bring up WhatsApp,OPEN_WHATSAPP_WEB
WhatsApp brings up WhatsApp when it comes up .,OPEN_WHATSAPP_WEB
WhatsApp brings up WhatsApp .,OPEN_WHATSAPP_WEB
WhatsApp brings up WhatsApp when it comes up.,OPEN_WHATSAPP_WEB
WhatsApp brings up WhatsApp when it brings up WhatsApp .,OPEN_WHATSAPP_WEB
WhatsApp brings up WhatsApp.,OPEN_WHATSAPP_WEB
open chats,OPEN_WHATSAPP_WEB
Open Chats open chats open chats open chats open chats open chats open chats open chats open chats open chats open chats open chats open chats open chats open chats open chats open chats open chats open chats open chats open chats open chats open chats open chats open chats open chats open chats open chats open chats open chats open chats open chats open chats open chats open chats open chats open chats open chat,OPEN_WHATSAPP_WEB
Open chats open chats open chats open chats open chats open chats open chats open chats open chats open chats open chats open chats open chats open chats open chats open chats open chats open chats open chats open chats open chats open chats open chats open chats open chats open chats open chats open chats open chats open chats open chats open chats open chats open chats open chats open chats open chats open chat,OPEN_WHATSAPP_WEB
Chats open chats open chats open chats open chats open chats open chats open chats open chats open chats open chats open chats open chats open chats open chats open chats open chats open chats open chats open chats open chats open chats open chats open chats open chats open chats open chats open chats open chats open chats open chats open chats open chats open chats open chats open chats open chats open chats,OPEN_WHATSAPP_WEB
Open Chats open chats open chats open chats open chats open chats open chats open chats open chats open chats open chats open chats open chats open chats open chats open chats open chats open chats open chats open chats open chats open chats open chats open chats open chats open chats open chats open chats open chats open chats open chats open chats open chats open chats open chats open chats open chats open Chat,OPEN_WHATSAPP_WEB
Open Chats open chats open chats open chats open chats open chats open chats open chats open chats open chats open chats open chats open chats open chats open chats open chats open chats open chats open chats open chats open chats open chats open chats open chats open chats open chats open chats open chats open chats open chats open chats open chats open chats open chats open chats open chats open chats Open chat,OPEN_WHATSAPP_WEB
open Google Drive,OPEN_DRIVE
Open Google Drive Open Google Drive,OPEN_DRIVE
Google Drive is open Google Drive.,OPEN_DRIVE
Open Google Drive Open Google Drive Open Google Drive,OPEN_DRIVE
Open Google Drive Open Google Drive Open Drive,OPEN_DRIVE
Open Google Drive Open Google Drive Open,OPEN_DRIVE
launch Drive,OPEN_DRIVE
Drive Drive launch Drive Drive,OPEN_DRIVE
Drive launch Drive Drive launch Drive,OPEN_DRIVE
Drive launch Drive Drive Drive,OPEN_DRIVE
Drive launch Drive Drive launch Drive Drive,OPEN_DRIVE
Drive launch Drive Drive Launch Drive,OPEN_DRIVE
go to Drive,OPEN_DRIVE
Go to Drive to Drive .,OPEN_DRIVE
Go to Drive to Go to Drive,OPEN_DRIVE
Go to Drive to Drive.,OPEN_DRIVE
Go to Drive to Drive to go to Drive,OPEN_DRIVE
Go to Drive to Go to Drive .,OPEN_DRIVE
start Drive,OPEN_DRIVE
Drive start Drive start Drive start Drive start Drive start Drive start Drive start Drive start Drive start Drive start Drive start Drive start Drive start Drive start Drive start Drive start Drive start Drive start Drive start Drive start Drive start Drive start Drive start Drive,OPEN_DRIVE
Drive start Drive start Drive start Drive start Drive start Drive start Drive start Drive start Drive start Drive start Drive start Drive start Drive start Drive start Drive start Drive start Drive start Drive start Drive start Drive start Drive start Drive start Drive start Drive start Drive start Drive start Drive start Drive,OPEN_DRIVE
Drive start Drive start Drive start Drive start Drive start Drive start Drive start Drive start Drive start Drive start Drive start Drive start Drive start Drive start Drive start Drive start Drive start Drive,OPEN_DRIVE
Drive start Drive start Drive start Drive start Drive start Drive start Drive start Drive start Drive start Drive start Drive start Drive start Drive start Drive start Drive start Drive start Drive start Drive start Drive start Drive start Drive start Drive start Drive start Drive start Drive start Drive start Drive drive start,OPEN_DRIVE
Drive start Drive start Drive start Drive start Drive start Drive start Drive start Drive start Drive start Drive start Drive start Drive start Drive start Drive start Drive start Drive start Drive start Drive start Drive start Drive start Drive start Drive start Drive start Drive start Drive start Drive start Drive start Drive start Drive start,OPEN_DRIVE
show Drive,OPEN_DRIVE
Drive Drive Show Drive Show Drive Show Drive Show Drive Show Drive Show Drive Show Drive Show Drive Show Drive Show Drive Show Drive Show Drive Show Drive Show Drive Show Drive Show Drive Show Drive Show Drive Show Drive Show Drive Show Drive Show Drive Show Drive Show Drive Show Drive Show Drive Show Drive Show Drive Show Drive Show Drive Show Drive Show Drive Show Drive Show Drive Show Drive Show Drive Show Drive Show Drive Show Drive Show Drive Show Drive Show Drive Show Drive Show Drive Show Drive Show Drive Show Drive Show Drive Show Drive Drive Show Drive Drive Show Drive Drive Show Drive Drive Show Drive Drive,OPEN_DRIVE
Drive Drive Show Drive Show Drive Show Drive Show Drive Show Drive Show Drive Show Drive Show Drive Show Drive Show Drive Show Drive Show Drive Show Drive Show Drive Show Drive Show Drive Show Drive Show Drive Show Drive Show Drive Show Drive Show Drive Show Drive Show Drive Show Drive Show Drive Show Drive Show Drive Show Drive Show Drive Show Drive Show Drive Show Drive Show Drive Show Drive Show Drive Show Drive Show Drive Show Drive Show Drive Show Drive Show Drive Show Drive Show Drive Show Drive Show Drive Show Drive Show Drive Drive Show Drive Drive Show Drive Drive Show Drive Drive Show Drive Drive Show Drive,OPEN_DRIVE
Drive Drive Show Drive Show Drive Show Drive Show Drive Show Drive Show Drive Show Drive Show Drive Show Drive Show Drive Show Drive Show Drive Show Drive Show Drive Show Drive Show Drive Show Drive Show Drive Show Drive Show Drive Show Drive Show Drive Show Drive Show Drive Show Drive Show Drive Show Drive Show Drive Show Drive Show Drive Show Drive Show Drive Show Drive Show Drive Show Drive Show Drive Show Drive Show Drive Show Drive Show Drive Show Drive Show Drive Show Drive Show Drive Show Drive Show Drive Drive Show Drive Show Drive Drive Show Drive Show Drive Drive Show Drive Drive Show Drive Drive Show Drive,OPEN_DRIVE
Drive Drive Show Drive Show Drive Show Drive Show Drive Show Drive Show Drive Show Drive Show Drive Show Drive Show Drive Show Drive Show Drive Show Drive Show Drive Show Drive Show Drive Show Drive Show Drive Show Drive Show Drive Show Drive Show Drive Show Drive Show Drive Show Drive Show Drive Show Drive Show Drive Show Drive Show Drive Show Drive Show Drive Show Drive Show Drive Show Drive Show Drive Show Drive Show Drive Show Drive Show Drive Show Drive Show Drive Show Drive Show Drive Show Drive Show Drive Drive Show Drive Show Drive Drive Show Drive Drive Show Drive Drive Show Drive Drive Show Drive Drive Show,OPEN_DRIVE
Drive Drive Show Drive Show Drive Show Drive Show Drive Show Drive Show Drive Show Drive Show Drive Show Drive Show Drive Show Drive Show Drive Show Drive Show Drive Show Drive Show Drive Show Drive Show Drive Show Drive Show Drive Show Drive Show Drive Show Drive Show Drive Show Drive Show Drive Show Drive Show Drive Show Drive Show Drive Show Drive Show Drive Show Drive Show Drive Show Drive Show Drive Show Drive Show Drive Show Drive Show Drive Show Drive Show Drive Show Drive Show Drive Show Drive Show Drive Show Drive Drive Show Drive Drive Show Drive Drive Show Drive Drive Show Drive Drive Show Drive Drive Show,OPEN_DRIVE
access Google Drive,OPEN_DRIVE
Access Google Drive to access Google Drive,OPEN_DRIVE
Access Google Drive with Google Drive,OPEN_DRIVE
Access Google Drive from Google Drive,OPEN_DRIVE
Google Drive access Google Drive.,OPEN_DRIVE
Access Google Drive to access Google Drive.,OPEN_DRIVE
Drive please,OPEN_DRIVE
Please drive please Drive please Drive please Drive please,OPEN_DRIVE
Please drive please Drive please Drive please Drive please Drive please,OPEN_DRIVE
Please drive please drive please drive please drive please drive please drive please,OPEN_DRIVE
Please drive please drive please drive please drive please drive please,OPEN_DRIVE
Please drive please drive please drive please drive please,OPEN_DRIVE
bring up Drive,OPEN_DRIVE
Drive brought up bring up Drive bring up Drive .,OPEN_DRIVE
Drive brought up bring up Drive .,OPEN_DRIVE
Drive brought up bring up Drive bring up drive .,OPEN_DRIVE
Drive brought up bring up Drive bring up .,OPEN_DRIVE
Drive brings up Drive bring up drive .,OPEN_DRIVE
open storage,OPEN_DRIVE
Open storage is open storage of open storage .,OPEN_DRIVE
Open storage is open storage in open storage .,OPEN_DRIVE
Open storage is open storage of open storage.,OPEN_DRIVE
Open storage is open storage in open storage.,OPEN_DRIVE
Open storage is open storage in open storage . Open storage is open storage,OPEN_DRIVE
check Drive,OPEN_DRIVE
Drive check Drive check Drive check Drive check Drive check Drive check Drive check Drive check Drive check Drive check Drive check Drive check Drive check Drive check Drive check Drive check Drive check Drive check Drive check Drive check Drive check Drive check Drive check Drive check Drive check Drive check Drive check Drive check Drive check Drive check,OPEN_DRIVE
Drive check Drive check Drive check Drive check Drive check Drive check Drive check Drive check Drive check Drive check Drive check Drive check Drive check Drive check Drive check Drive check Drive check Drive check Drive check Drive check Drive check Drive check Drive check Drive check Drive check Drive check Drive check Drive check Drive check Drive check Drive check,OPEN_DRIVE
Drive check Drive check Drive check Drive check Drive check Drive check Drive check Drive check Drive check Drive check Drive check Drive check Drive check Drive check Drive check Drive check Drive check Drive check Drive check Drive check Drive check Drive check Drive check Drive check Drive check Drive check Drive check Drive check Drive check Drive check Drive check Drive check,OPEN_DRIVE
Drive check Drive check Drive check Drive check Drive check Drive check Drive check Drive check Drive check Drive check Drive check Drive check Drive check Drive check Drive check Drive check Drive check Drive check Drive check Drive check Drive check Drive check Drive check Drive check Drive check Drive check Drive check Drive check Drive check,OPEN_DRIVE
Drive check Drive check Drive check Drive check Drive check Drive check Drive check Drive check Drive check Drive check Drive check Drive check Drive check Drive check Drive check Drive check Drive check Drive check Drive check Drive check Drive check Drive check Drive check Drive check Drive check Drive check Drive check Drive check,OPEN_DRIVE
open Google Maps,OPEN_MAPS
Google Maps is open to the public Google Maps,OPEN_MAPS
Google Maps is open to Google Maps .,OPEN_MAPS
Google Maps are open to the public Google Maps,OPEN_MAPS
Google Maps are open Google Maps .,OPEN_MAPS
Google Maps is open to Google Maps,OPEN_MAPS
launch Maps,OPEN_MAPS
Launch Maps Launch Maps,OPEN_MAPS
Launch Maps launch Maps,OPEN_MAPS
Launch Maps to launch Maps,OPEN_MAPS
Launch Maps launches Maps,OPEN_MAPS
Launch Maps Maps,OPEN_MAPS
go to Maps,OPEN_MAPS
Go to Maps .,OPEN_MAPS
Go to Maps -> Maps -> Maps -> Maps ->,OPEN_MAPS
Go to Maps to go to Maps,OPEN_MAPS
Go to Maps -> Maps -> Maps ->,OPEN_MAPS
Go to Maps to go to Maps .,OPEN_MAPS
start Maps,OPEN_MAPS
Maps start Maps,OPEN_MAPS
Maps start Maps .,OPEN_MAPS
Maps start to start,OPEN_MAPS
Start Maps start .,OPEN_MAPS
Maps start up,OPEN_MAPS
show Maps,OPEN_MAPS
Maps show Maps,OPEN_MAPS
Maps Show Maps,OPEN_MAPS
Maps show Maps .,OPEN_MAPS
Maps Show Maps Show Maps,OPEN_MAPS
Maps show Maps show Maps,OPEN_MAPS
access Google Maps,OPEN_MAPS
Access Google Maps from Google Maps,OPEN_MAPS
Access Google Maps with Google Maps,OPEN_MAPS
Access Google Maps via Google Maps,OPEN_MAPS
Access Google Maps from Google Maps.,OPEN_MAPS
Access Google Maps via Google Maps.,OPEN_MAPS
Maps please,OPEN_MAPS
Maps please .,OPEN_MAPS
Maps please.,OPEN_MAPS
Maps please - Maps please -,OPEN_MAPS
Maps please :,OPEN_MAPS
Maps please - please provide maps .,OPEN_MAPS
bring up Maps,OPEN_MAPS
Maps bring up Maps,OPEN_MAPS
Maps bring up Maps .,OPEN_MAPS
Maps bring up Maps.,OPEN_MAPS
Maps bring up .,OPEN_MAPS
Maps bring up the maps .,OPEN_MAPS
open navigation,OPEN_MAPS
Open navigation open navigation open navigation open navigation open navigation open navigation open navigation open navigation open navigation open navigation open navigation open navigation open navigation open navigation open navigation open navigation open navigation open navigation open navigation open navigation open navigation open navigation open navigation open navigation open navigation open navigation open navigation open navigation open navigation open navigation open navigation open navigation open navigation open navigation open navigation open navigation open navigation open navigation open navigation open navigation open navigation open navigation open navigation open navigation open navigation open navigation open navigation open navigation open navigation open navigation open navigation open navigation open navigation open navigation open navigation open navigation open,OPEN_MAPS
Open navigation open navigation open navigation open navigation open navigation open navigation open navigation open navigation open navigation open navigation open navigation open navigation open navigation open navigation open navigation open navigation open navigation open navigation open navigation open navigation open navigation open navigation open navigation open navigation open navigation open navigation open navigation open navigation open navigation open navigation open navigation open navigation open navigation open navigation open navigation open navigation open navigation open navigation open navigation open navigation open navigation open navigation open navigation open navigation open navigation open navigation open navigation open navigation open navigation open navigation open navigation open navigation open navigation open navigation open navigation open navigation,OPEN_MAPS
Open navigation open navigation open navigation open navigation open navigation open navigation open navigation open navigation open navigation open navigation open navigation open navigation open navigation open navigation open navigation open navigation open navigation open navigation open navigation open navigation open navigation open navigation open navigation open navigation open navigation open navigation open navigation open navigation open navigation open navigation open navigation open navigation open navigation open navigation open navigation open navigation open navigation open navigation open navigation open navigation open navigation open navigation open navigation open navigation open navigation open navigation open navigation open navigation open navigation open navigation open navigation open navigation open navigation open navigation open navigation,OPEN_MAPS
Open navigation open navigation open navigation open navigation open navigation open navigation open navigation open navigation open navigation open navigation open navigation open navigation open navigation open navigation open navigation open navigation open navigation open navigation open navigation open navigation open navigation open navigation open navigation open navigation open navigation open navigation open navigation open navigation open navigation open navigation open navigation open navigation open navigation open navigation open navigation open navigation open navigation open navigation open navigation open navigation open navigation open navigation open navigation open navigation open navigation open navigation open navigation open navigation open navigation open navigation open navigation open navigation open navigation open navigation,OPEN_MAPS
Open navigation open navigation open navigation open navigation open navigation open navigation open navigation open navigation open navigation open navigation open navigation open navigation open navigation open navigation open navigation open navigation open navigation open navigation open navigation open navigation open navigation open navigation open navigation open navigation open navigation open navigation open navigation open navigation open navigation open navigation open navigation open navigation open navigation open navigation open navigation open navigation open navigation open navigation open navigation open navigation open navigation open navigation open navigation open navigation open navigation open navigation open navigation open navigation open navigation open navigation open navigation open navigation open navigation,OPEN_MAPS
check Maps,OPEN_MAPS
Maps check out,OPEN_MAPS
Maps check out .,OPEN_MAPS
Check Maps,OPEN_MAPS
Maps check out !,OPEN_MAPS
Maps check out.,OPEN_MAPS
open Calendar,OPEN_CALENDAR
Calendar open calendar,OPEN_CALENDAR
Calendar open calendar calendar,OPEN_CALENDAR
Calendar open calendar is open calendar,OPEN_CALENDAR
Calendar open calendar calendar open calendar,OPEN_CALENDAR
Calendar Open Calendar open calendar,OPEN_CALENDAR
launch Calendar,OPEN_CALENDAR
Calendar launch Calendar,OPEN_CALENDAR
Calendar Launch Launch Calendar,OPEN_CALENDAR
Calendar launch launch Calendar,OPEN_CALENDAR
Calendar launch calendar,OPEN_CALENDAR
Calendar Launch Launch Calendar Calendar,OPEN_CALENDAR
go to Calendar,OPEN_CALENDAR
Calendar go to Calendar,OPEN_CALENDAR
Calendar go to Calendar .,OPEN_CALENDAR
Calendar go to go to Calendar,OPEN_CALENDAR
Calendar goes to Calendar,OPEN_CALENDAR
Calendar goes to Calendar .,OPEN_CALENDAR
start Calendar,OPEN_CALENDAR
Calendar start start calendar,OPEN_CALENDAR
Calendar start start to start Calendar,OPEN_CALENDAR
Calendar start start calendar start,OPEN_CALENDAR
Calendar start start to start calendar,OPEN_CALENDAR
Calendar Start Calendar,OPEN_CALENDAR
show Calendar,OPEN_CALENDAR
Calendar shows Calendar to show Calendar,OPEN_CALENDAR
Calendar show Calendar shows Calendar,OPEN_CALENDAR
Calendar to show Calendar,OPEN_CALENDAR
Calendar shows Calendar,OPEN_CALENDAR
Calendar shows Calendar shows Calendar,OPEN_CALENDAR
access Calendar,OPEN_CALENDAR
Calendar access Calendar,OPEN_CALENDAR
Calendar Access Calendar,OPEN_CALENDAR
Calendar access Calendar access Calendar,OPEN_CALENDAR
Calendar access Calendar access Calendar access Calendar,OPEN_CALENDAR
Calendar access Calendar - Calendar,OPEN_CALENDAR
Calendar please,OPEN_CALENDAR
"Calendar please , please include a calendar please .",OPEN_CALENDAR
"Calendar please , please include a calendar please ,",OPEN_CALENDAR
"Calendar please , please include a calendar please",OPEN_CALENDAR
"Calendar please , please include a calendar please , please",OPEN_CALENDAR
"Calendar please , please include a calendar .",OPEN_CALENDAR
bring up Calendar,OPEN_CALENDAR
Calendar brings up Calendar .,OPEN_CALENDAR
Calendar bring up bring up Calendar .,OPEN_CALENDAR
Calendar brings up the calendar .,OPEN_CALENDAR
Calendar bring up bring up Calendar,OPEN_CALENDAR
Calendar bring up bring up the calendar .,OPEN_CALENDAR
check Calendar,OPEN_CALENDAR
Calendar check Calendar,OPEN_CALENDAR
Calendar check Calendar .,OPEN_CALENDAR
Calendar Check Calendar,OPEN_CALENDAR
Calendar check Calendar check Calendar,OPEN_CALENDAR
Calendar check the Calendar,OPEN_CALENDAR
open schedule,OPEN_CALENDAR
Schedule open schedule schedule open schedule schedule open schedule schedule open schedule schedule open schedule schedule open schedule schedule open schedule schedule open schedule schedule open schedule schedule open schedule schedule open schedule schedule open schedule schedule open schedule schedule open schedule schedule open schedule schedule open schedule schedule open schedule schedule open schedule schedule open schedule schedule open schedule schedule open schedule schedule open schedule schedule open schedule schedule open schedule,OPEN_CALENDAR
Schedule open schedule schedule open schedule schedule open schedule schedule open schedule schedule open schedule schedule open schedule schedule open schedule schedule open schedule schedule open schedule schedule open schedule schedule open schedule schedule open schedule schedule open schedule schedule open schedule schedule open schedule schedule open schedule schedule open schedule schedule open schedule schedule open schedule schedule open schedule schedule open schedule schedule open schedule schedule open schedule schedule open schedule schedule open schedule schedule open schedule,OPEN_CALENDAR
Schedule open schedule schedule open schedule schedule open schedule schedule open schedule schedule open schedule schedule open schedule schedule open schedule schedule open schedule schedule open schedule schedule open schedule schedule open schedule schedule open schedule schedule open schedule schedule open schedule schedule open schedule schedule open schedule schedule open schedule schedule open schedule schedule open schedule schedule open schedule schedule open schedule schedule open schedule schedule open schedule schedule open schedule schedule open schedule,OPEN_CALENDAR
Schedule open schedule schedule open schedule schedule open schedule schedule open schedule schedule open schedule schedule open schedule schedule open schedule schedule open schedule schedule open schedule schedule open schedule schedule open schedule schedule open schedule schedule open schedule schedule open schedule schedule open schedule schedule open schedule schedule open schedule schedule open schedule schedule open schedule schedule open schedule,OPEN_CALENDAR
Schedule open schedule schedule open schedule schedule open schedule schedule open schedule schedule open schedule schedule open schedule schedule open schedule schedule open schedule schedule open schedule schedule open schedule schedule open schedule schedule open schedule schedule open schedule schedule open schedule schedule open schedule schedule open schedule schedule open schedule schedule open schedule schedule open schedule schedule open schedule schedule open schedule schedule open schedule schedule open schedule schedule open schedule schedule open schedule schedule open schedule schedule open schedule,OPEN_CALENDAR
open news,OPEN_NEWS
Open news is open news - open news - open news - open news - open news - open news - open news - open news - open news - open news - open news - open news - open news - open news - open news - open news - open news - open news - open news - open news - open news - open news - open news - open news - open news - open news - open news - open news,OPEN_NEWS
Open news is open news - open news - open news - open news - open news - open news - open news - open news - open news - open news - open news - open news - open news - open news - open news - open news - open news - open news - open news - open news - open news - open news - open news - open news - open news - open news - open news news - open,OPEN_NEWS
Open news is open news - open news - open news - open news - open news - open news - open news - open news - open news - open news - open news - open news - open news - open news - open news - open news - open news - open news - open news - open news - open news - open news - open news - open news - open news news - open news - open news - open,OPEN_NEWS
Open news is open news - open news - open news - open news - open news - open news - open news - open news - open news - open news - open news - open news - open news - open news - open news - open news - open news - open news - open news - open news - open news - open news - open news - open news news - open news - open news - open news - open,OPEN_NEWS
Open news is open news - open news - open news - open news - open news - open news - open news - open news - open news - open news - open news - open news - open news - open news - open news - open news - open news - open news - open news - open news - open news - open news - open news - open news - open news - open news - open news - Open news,OPEN_NEWS
launch news,OPEN_NEWS
Launch news - Launch News - Launch News - Launch News - Launch News - Launch News - Launch News - Launch News - Launch News - Launch News - Launch News - Launch News - Launch News - Launch News - Launch News - Launch News - Launch News - Launch News - Launch News - Launch News - Launch News - Launch News - Launch News - Launch News - Launch News - Launch News - Launch News - Launch News - Launch,OPEN_NEWS
Launch news - Launch News - Launch News - Launch news - Launch News - Launch News - Launch News - Launch News - Launch News - Launch News - Launch News - Launch News - Launch News - Launch News - Launch News - Launch News - Launch News - Launch News - Launch News - Launch News - Launch News - Launch News - Launch News - Launch News - Launch News - Launch News - Launch News - Launch News - Launch,OPEN_NEWS
Launch news - Launch News - Launch News - Launch News - Launch News - Launch News - Launch News - Launch News - Launch News - Launch News - Launch News - Launch News - Launch News - Launch News - Launch News - Launch News - Launch News - Launch News - Launch News - Launch News - Launch News - Launch News - Launch News - Launch News - Launch News - Launch News - Launch News - Launch News,OPEN_NEWS
Launch news - Launch News - Launch News - Launch News - Launch News - Launch News - Launch News - Launch News - Launch News - Launch News - Launch News - Launch News - Launch News - Launch News - Launch News - Launch News - Launch News - Launch News - Launch News - Launch News - Launch News - Launch News - Launch News - Launch News - Launch News - Launch News - Launch News - Launch News Launch News ,OPEN_NEWS
Launch news - Launch News - Launch News - Launch News - Launch News - Launch News - Launch News - Launch News - Launch News - Launch News - Launch News - Launch News - Launch News - Launch News - Launch News - Launch News - Launch News - Launch News - Launch News - Launch News - Launch News - Launch News - Launch News - Launch News - Launch News - Launch News Launch News - Launch News - Launch News ,OPEN_NEWS
go to news,OPEN_NEWS
Go to news to go to news,OPEN_NEWS
Go to news to go to the news,OPEN_NEWS
Go to News to go to news,OPEN_NEWS
Go to news to news,OPEN_NEWS
Go to news on news,OPEN_NEWS
start news site,OPEN_NEWS
News site start news site,OPEN_NEWS
News site to start news site,OPEN_NEWS
Start news site news site,OPEN_NEWS
News site start news site .,OPEN_NEWS
News site to start start news site,OPEN_NEWS
show news,OPEN_NEWS
Show news show news show news show news show news show news show news show news show news show news show news show news show news show news show news show news show news show news show news show news show news show news show news show news show news show news show news show news show news show news show news show news show news show news show news show news show news show news show news show news show news show news show news show news,OPEN_NEWS
Show news show news show news show news show news show news show news show news show news show news show news show news show news show news show news show news show news show news show news show news show news show news show news show news show news show news show news show news show news show news show news show news show news show news show news show news show news show news show news show news show news show news show news show news show news,OPEN_NEWS
Show news show news show news show news show news show news show news show news show news show news show news show news show news show news show news show news show news show news show news show news show news show news show news show news show news show news show news show news show news show news show news show news show news show news show news show news show news show news show news show news show news,OPEN_NEWS
Show news show news show news show news show news show news show news show news show news show news show news show news show news show news show news show news show news show news show news show news show news show news show news show news show news show news show news show news show news show news show news show news show news show news show news show news show news show news show news show news show news show news show news,OPEN_NEWS
Show news show news show news show news show news show news show news show news show news show news show news show news show news show news show news show news show news show news show news show news show news show news show news show news show news show news show news show news show news show news show news show news show news show news show news show news show news show news show news show news,OPEN_NEWS
access news,OPEN_NEWS
Access news access news access news access news access news access news access news access news access news access news access news access news access news access news access news access news access news access news access news,OPEN_NEWS
Access news access news access news access news access news access news access news access news access news access news access news access news access news access news access news access news access news access news access news access news,OPEN_NEWS
Access news access news access news access news access news access news access news access news access news access news access news access news access news access news access news access news access news,OPEN_NEWS
Access news access news access news access news access news access news access news access news access news access news access news access news access news access news access news access news,OPEN_NEWS
Access news access news access news access news access news access news access news access news access news access news access news access news access news access news access news,OPEN_NEWS
news please,OPEN_NEWS
Please update us with the latest news please .,OPEN_NEWS
Please update us with the latest news please.,OPEN_NEWS
Please update us with the latest news please,OPEN_NEWS
Please share the latest news please.,OPEN_NEWS
Please share the latest news please,OPEN_NEWS
bring up news,OPEN_NEWS
News bring up bring up news,OPEN_NEWS
News brought up bring up news,OPEN_NEWS
News brought up bring up the news.,OPEN_NEWS
News bring up bring up news.,OPEN_NEWS
Bring up the news bring up news,OPEN_NEWS
check headlines,OPEN_NEWS
Check the headlines to check the headlines,OPEN_NEWS
Check the headlines to check the headlines.,OPEN_NEWS
Check the headlines to check the headlines .,OPEN_NEWS
Check the headlines to check out,OPEN_NEWS
Check headlines to check the headlines.,OPEN_NEWS
open articles,OPEN_NEWS
Open Articles open Articles open Articles open Articles open Articles open Articles open Articles open Articles open Articles open Articles open Articles open Articles open Articles open Articles open Articles open Articles open Articles open Articles open Articles open Articles open Articles open Articles open Articles open Articles open Articles open Articles open Articles open Articles open Articles open Articles open Articles open Articles open Articles open Articles open Articles open Articles open Articles open Article,OPEN_NEWS
Open Articles open Articles open Articles open Articles open Articles open Articles open Articles open Articles open Articles open Articles open Articles open Articles open Articles open Articles open Articles open Articles open Articles open Articles open Articles open Articles open Articles open Articles open Articles open Articles open Articles open Articles open Articles open Articles open Articles open Articles open Articles open Articles open Articles open Articles open Articles open Articles open Article,OPEN_NEWS
Open Articles open Articles open Articles open Articles open Articles open Articles open Articles open Articles open Articles open Articles open Articles open Articles open Articles open Articles open Articles open Articles open Articles open Articles open Articles open Articles open Articles open Articles open Articles open Articles open Articles open Articles open Articles open Articles open Articles open Articles open Articles open Articles open Articles open Articles open Articles open Article,OPEN_NEWS
Open articles open articles open articles open articles open articles open articles open articles open articles open articles open articles open articles open articles open articles open articles open articles open articles open articles open articles open articles open articles open articles open articles open articles open articles open articles open articles open articles open articles open articles open articles open articles open articles open articles open articles open articles open articles open articles open articles open articles open articles open articles open articles open articles open articles open articles open articles open articles open articles open articles open articles open articles open articles open articles open articles open articles open articles open,OPEN_NEWS
Open Articles open Articles open Articles open Articles open Articles open Articles open Articles open Articles open Articles open Articles open Articles open Articles open Articles open Articles open Articles open Articles open Articles open Articles open Articles open Articles open Articles open Articles open Articles open Articles open Articles open Articles open Articles open Articles open Articles open Articles open Articles open Articles open Articles open Articles open Article,OPEN_NEWS
bookmark page,BOOKMARK_PAGE
Bookmark page bookmark page bookmark page bookmark page bookmark page bookmark page bookmark page bookmark page bookmark page bookmark page bookmark page bookmark page bookmark page bookmark page bookmark page bookmark page bookmark page bookmark page bookmark page bookmark page bookmark page bookmark page bookmark page bookmark page bookmark page bookmark page bookmark page bookmark page bookmark page bookmark page bookmark page bookmark page bookmark page bookmark page bookmark page bookmark page bookmark page bookmark page bookmark,BOOKMARK_PAGE
Bookmark page bookmark page bookmark page bookmark page bookmark page bookmark page bookmark page bookmark page bookmark page bookmark page bookmark page bookmark page bookmark page bookmark page bookmark page bookmark page bookmark page bookmark page bookmark page bookmark page bookmark page bookmark page bookmark page bookmark page bookmark page bookmark page bookmark page bookmark page bookmark page bookmark page bookmark page bookmark page bookmark page bookmark page bookmark page bookmark page bookmark page bookmark page bookmark page bookmark,BOOKMARK_PAGE
Bookmark page bookmark page bookmark page bookmark page bookmark page bookmark page bookmark page bookmark page bookmark page bookmark page bookmark page bookmark page bookmark page bookmark page bookmark page bookmark page bookmark page bookmark page bookmark page bookmark page bookmark page bookmark page bookmark page bookmark page bookmark page bookmark page bookmark page bookmark page bookmark page bookmark page bookmark page bookmark page bookmark page bookmark page bookmark page bookmark page bookmark page bookmark page bookmark page bookmark page bookmark,BOOKMARK_PAGE
Bookmark page bookmark page bookmark page bookmark page bookmark page bookmark page bookmark page bookmark page bookmark page bookmark page bookmark page bookmark page bookmark page bookmark page bookmark page bookmark page bookmark page bookmark page bookmark page bookmark page bookmark page bookmark page bookmark page bookmark page bookmark page bookmark page bookmark page bookmark page bookmark page bookmark page bookmark page bookmark page bookmark page bookmark page bookmark page bookmark page bookmark page bookmark page bookmark page bookmark page bookmark page bookmark page bookmark page bookmark,BOOKMARK_PAGE
Bookmark page bookmark page bookmark page bookmark page bookmark page bookmark page bookmark page bookmark page bookmark page bookmark page bookmark page bookmark page bookmark page bookmark page bookmark page bookmark page bookmark page bookmark page bookmark page bookmark page bookmark page bookmark page bookmark page bookmark page bookmark page bookmark page bookmark page bookmark page bookmark page bookmark page bookmark page bookmark page bookmark page bookmark page bookmark page bookmark page bookmark page bookmark page bookmark page bookmark page bookmark page bookmark,BOOKMARK_PAGE
save this page,BOOKMARK_PAGE
Save this page to save this page,BOOKMARK_PAGE
Save this page save this page,BOOKMARK_PAGE
Save this page to save this page .,BOOKMARK_PAGE
Save this page to save this page.,BOOKMARK_PAGE
Save this page and save this page,BOOKMARK_PAGE
add to bookmarks,BOOKMARK_PAGE
Add bookmarks to bookmarks,BOOKMARK_PAGE
Add bookmarks to add to bookmarks,BOOKMARK_PAGE
Add to bookmarks add to bookmarks,BOOKMARK_PAGE
Add bookmarks to bookmarks add to bookmarks,BOOKMARK_PAGE
Add bookmarks to add to bookmarks .,BOOKMARK_PAGE
mark this site,BOOKMARK_PAGE
Mark this site mark this site,BOOKMARK_PAGE
This site marks this site mark this site,BOOKMARK_PAGE
Mark this site Mark this site,BOOKMARK_PAGE
Mark this site mark this site mark this site,BOOKMARK_PAGE
Mark this site this site,BOOKMARK_PAGE
save bookmark,BOOKMARK_PAGE
Save bookmark save bookmark,BOOKMARK_PAGE
Save bookmark save bookmark save bookmark,BOOKMARK_PAGE
Save bookmark bookmark to save bookmark,BOOKMARK_PAGE
Save bookmarks save bookmarks save bookmark,BOOKMARK_PAGE
Save bookmark save bookmark save bookmark .,BOOKMARK_PAGE
bookmark this,BOOKMARK_PAGE
Bookmark this bookmark this,BOOKMARK_PAGE
Bookmark this bookmark this bookmark,BOOKMARK_PAGE
Bookmark this bookmark this bookmark this,BOOKMARK_PAGE
Bookmark this bookmark this page,BOOKMARK_PAGE
Bookmark this bookmark this bookmark .,BOOKMARK_PAGE
store page,BOOKMARK_PAGE
Store page store page store page store page store page store page store page store page store page store page store page store page store page store page store page store page store page,BOOKMARK_PAGE
Store page store page store page store page store page store page store page store page store page store page store page store page store page store page store page,BOOKMARK_PAGE
Store page store page store page store page store page store page store page store page store page store page store page store page store page store page store page store page store page store page store page store page,BOOKMARK_PAGE
Store page store page store page store page store page store page store page store page store page store page store page store page store page store page,BOOKMARK_PAGE
Store page store page store page store page store page store page store page store page store page store page store page store page store page store page store page store page store page store page store page store page store page,BOOKMARK_PAGE
add bookmark,BOOKMARK_PAGE
Add bookmark add bookmark,BOOKMARK_PAGE
Add bookmark add bookmark add bookmark,BOOKMARK_PAGE
Add bookmark to add bookmark,BOOKMARK_PAGE
Add bookmark add bookmark add bookmark add bookmark,BOOKMARK_PAGE
Add bookmark add bookmark add bookmark add bookmark add bookmark,BOOKMARK_PAGE
remember this page,BOOKMARK_PAGE
Remember this page if you remember this page,BOOKMARK_PAGE
Remember this page if you remember this page .,BOOKMARK_PAGE
Remember this page .,BOOKMARK_PAGE
Remember to remember this page,BOOKMARK_PAGE
"Remember this page , remember this page",BOOKMARK_PAGE
favorite this page,BOOKMARK_PAGE
Favorite this page page this page,BOOKMARK_PAGE
Favorite this page this page,BOOKMARK_PAGE
Favorite this page this page this page,BOOKMARK_PAGE
Favorite this page this page page,BOOKMARK_PAGE
Favorite this page this page this page .,BOOKMARK_PAGE
open bookmarks,OPEN_BOOKMARKS
Open bookmarks are open bookmarks .,OPEN_BOOKMARKS
Open Bookmarks are open bookmarks .,OPEN_BOOKMARKS
Open bookmarks are open bookmarks,OPEN_BOOKMARKS
Open Bookmarks open bookmarks,OPEN_BOOKMARKS
Open Bookmarks open bookmarks .,OPEN_BOOKMARKS
show bookmarks,OPEN_BOOKMARKS
Show bookmarks show bookmarks,OPEN_BOOKMARKS
Show bookmarks to show bookmarks,OPEN_BOOKMARKS
Show bookmarks show bookmarks .,OPEN_BOOKMARKS
Show bookmarks - Show bookmarks,OPEN_BOOKMARKS
Show bookmarks - Show Bookmarks,OPEN_BOOKMARKS
access bookmarks,OPEN_BOOKMARKS
Access bookmarks to access bookmarks,OPEN_BOOKMARKS
Access Bookmarks - Access Bookmarks,OPEN_BOOKMARKS
Access Bookmarks - Access bookmarks,OPEN_BOOKMARKS
Access Bookmarks - access bookmarks,OPEN_BOOKMARKS
Access bookmarks to bookmarks,OPEN_BOOKMARKS
bring up bookmarks,OPEN_BOOKMARKS
Bookmarks bring up bookmarks,OPEN_BOOKMARKS
Bookmarks bring up bookmarks .,OPEN_BOOKMARKS
Bookmarks bring bookmarks up .,OPEN_BOOKMARKS
Bookmarks bring up bookmarks to bring up,OPEN_BOOKMARKS
Bookmarks bring up bookmarks :,OPEN_BOOKMARKS
bookmarks please,OPEN_BOOKMARKS
Please bookmark bookmarks please .,OPEN_BOOKMARKS
Please bookmark bookmarks please.,OPEN_BOOKMARKS
Bookmarks please.,OPEN_BOOKMARKS
Bookmarks please .,OPEN_BOOKMARKS
Please bookmark bookmarks please,OPEN_BOOKMARKS
load bookmarks,OPEN_BOOKMARKS
Load bookmarks,OPEN_BOOKMARKS
Load bookmarks from bookmarks,OPEN_BOOKMARKS
Load bookmarks to load,OPEN_BOOKMARKS
Load bookmarks load bookmarks,OPEN_BOOKMARKS
Bookmarks load load bookmarks,OPEN_BOOKMARKS
display bookmarks,OPEN_BOOKMARKS
Bookmarks display bookmarks,OPEN_BOOKMARKS
Bookmarks display bookmarks display,OPEN_BOOKMARKS
Bookmarks display bookmarks .,OPEN_BOOKMARKS
Display bookmarks display bookmarks,OPEN_BOOKMARKS
Bookmarks display bookmarks display .,OPEN_BOOKMARKS
get bookmarks,OPEN_BOOKMARKS
Bookmarks get you bookmarks,OPEN_BOOKMARKS
Bookmarks get you bookmarks.,OPEN_BOOKMARKS
Bookmarks get you bookmarks .,OPEN_BOOKMARKS
Bookmarks - get bookmarks,OPEN_BOOKMARKS
Get bookmarks and get bookmarks.,OPEN_BOOKMARKS
see bookmarks,OPEN_BOOKMARKS
See bookmarks,OPEN_BOOKMARKS
Bookmarks - see bookmarks,OPEN_BOOKMARKS
Bookmarks see bookmarks,OPEN_BOOKMARKS
Bookmarks - See Bookmarks,OPEN_BOOKMARKS
Bookmarks - see Bookmarks,OPEN_BOOKMARKS
view bookmarks,OPEN_BOOKMARKS
Bookmarks view bookmarks,OPEN_BOOKMARKS
View Bookmarks - View Bookmarks,OPEN_BOOKMARKS
Bookmarks to view view,OPEN_BOOKMARKS
View Bookmarks - view bookmarks,OPEN_BOOKMARKS
Bookmarks to view view Bookmarks,OPEN_BOOKMARKS
open downloads,OPEN_DOWNLOADS
Open Downloads - Open Downloads - Open Downloads - Open Downloads - Open Downloads - Open Downloads - Open Downloads - Open Downloads - Open Downloads - Open Downloads - Open Downloads - Open Downloads - Open Downloads - Open Downloads - Open Downloads - Open Downloads - Open Downloads - Open Downloads - Open Downloads - Open Downloads - Open Downloads - Open Downloads - Open Downloads,OPEN_DOWNLOADS
Open Downloads - Open Downloads - Open Downloads - Open Downloads - Open Downloads - Open Download - Open Downloads - Open Downloads - Open Downloads - Open Downloads - Open Downloads - Open Downloads - Open Downloads - Open Downloads - Open Downloads - Open Downloads - Open Downloads - Open Downloads - Open Downloads - Open Downloads - Open Downloads - Open Downloads - Open Downloads ,OPEN_DOWNLOADS
Open Downloads - Open Downloads - Open Downloads - Open Downloads - Open Downloads - Open Downloads - Open Download - Open Downloads - Open Downloads - Open Downloads - Open Downloads - Open Downloads - Open Downloads - Open Downloads - Open Downloads - Open Downloads - Open Downloads - Open Downloads - Open Downloads - Open Downloads - Open Downloads - Open Downloads - Open Downloads ,OPEN_DOWNLOADS
Open Downloads - Open Downloads - Open Downloads - Open Downloads - Open Download - Open Downloads - Open Downloads - Open Downloads - Open Downloads - Open Downloads - Open Downloads - Open Downloads - Open Downloads - Open Downloads - Open Downloads - Open Downloads - Open Downloads - Open Downloads - Open Downloads - Open Downloads - Open Downloads - Open Downloads - Open Downloads ,OPEN_DOWNLOADS
Open Downloads - Open Downloads - Open Downloads - Open Downloads - Open Downloads - Open Downloads - Open Downloads - Open Downloads - Open Downloads - Open Downloads - Open Downloads - Open Downloads - Open Downloads - Open Downloads - Open Downloads - Open Downloads - Open Downloads - Open Downloads - Open Downloads - Open Download - Open Downloads - Open Downloads - Open Downloads ,OPEN_DOWNLOADS
show downloads,OPEN_DOWNLOADS
Downloads show downloads,OPEN_DOWNLOADS
Downloads show downloads show downloads,OPEN_DOWNLOADS
Downloads show downloads .,OPEN_DOWNLOADS
Downloads show downloads show downloads show downloads,OPEN_DOWNLOADS
Downloads show downloads show downloads .,OPEN_DOWNLOADS
access downloads,OPEN_DOWNLOADS
Downloads downloads to access downloads,OPEN_DOWNLOADS
Downloads downloads downloads access downloads,OPEN_DOWNLOADS
Downloads downloads downloads access to downloads,OPEN_DOWNLOADS
Access downloads downloads .,OPEN_DOWNLOADS
Downloads downloads downloads downloads access .,OPEN_DOWNLOADS
bring up downloads,OPEN_DOWNLOADS
Downloads bring up downloads .,OPEN_DOWNLOADS
Downloads bring downloads up .,OPEN_DOWNLOADS
Downloads bring up downloads to bring up downloads .,OPEN_DOWNLOADS
Downloads bring downloads up to date .,OPEN_DOWNLOADS
Downloads bring up downloads to bring up downloads,OPEN_DOWNLOADS
downloads please,OPEN_DOWNLOADS
Downloads please . Downloads please .,OPEN_DOWNLOADS
Downloads please - downloads please -,OPEN_DOWNLOADS
Downloads please :,OPEN_DOWNLOADS
Downloads please .,OPEN_DOWNLOADS
Downloads please - downloads please.,OPEN_DOWNLOADS
check downloads,OPEN_DOWNLOADS
Check downloads for downloads,OPEN_DOWNLOADS
Check downloads for downloads .,OPEN_DOWNLOADS
Downloads are checked for downloads .,OPEN_DOWNLOADS
Downloads check downloads .,OPEN_DOWNLOADS
Downloads are checked to check downloads .,OPEN_DOWNLOADS
load downloads,OPEN_DOWNLOADS
Downloads load downloads,OPEN_DOWNLOADS
Download downloads load downloads,OPEN_DOWNLOADS
Downloads load downloads .,OPEN_DOWNLOADS
Download downloads load downloads .,OPEN_DOWNLOADS
Download downloads load downloads are loaded,OPEN_DOWNLOADS
get downloads,OPEN_DOWNLOADS
Downloads get downloads .,OPEN_DOWNLOADS
Downloads get downloaded.,OPEN_DOWNLOADS
Downloads get downloads.,OPEN_DOWNLOADS
Downloads get downloads,OPEN_DOWNLOADS
Downloads to get downloads,OPEN_DOWNLOADS
view downloads,OPEN_DOWNLOADS
Downloads to view downloads,OPEN_DOWNLOADS
Downloads to view Downloads,OPEN_DOWNLOADS
Downloads are available to view downloads,OPEN_DOWNLOADS
Downloads to view downloads .,OPEN_DOWNLOADS
Downloads view downloads .,OPEN_DOWNLOADS
see downloaded files,OPEN_DOWNLOADS
Downloaded files can see downloaded files .,OPEN_DOWNLOADS
Downloaded files see downloaded files .,OPEN_DOWNLOADS
Downloaded files can be seen to see downloaded files .,OPEN_DOWNLOADS
Downloaded files can be seen to see downloaded files,OPEN_DOWNLOADS
Downloaded files can be seen on the download page .,OPEN_DOWNLOADS
open settings,OPEN_SETTINGS
Open settings open settings are open settings .,OPEN_SETTINGS
Open settings are open settings in open settings .,OPEN_SETTINGS
Open settings are open settings .,OPEN_SETTINGS
Open settings are open settings in the open settings .,OPEN_SETTINGS
Open settings open settings are open settings,OPEN_SETTINGS
launch settings,OPEN_SETTINGS
Launch settings launch settings,OPEN_SETTINGS
Launch settings set up launch settings,OPEN_SETTINGS
Launch settings set launch settings,OPEN_SETTINGS
Launch settings launch settings launch settings,OPEN_SETTINGS
Launch settings setting launch settings,OPEN_SETTINGS
go to settings,OPEN_SETTINGS
Go to settings to go to settings .,OPEN_SETTINGS
Go to settings and go to settings .,OPEN_SETTINGS
Go to settings to go to settings,OPEN_SETTINGS
Go to settings to go to settings.,OPEN_SETTINGS
Go to settings and go to settings.,OPEN_SETTINGS
show settings,OPEN_SETTINGS
Show settings to show settings,OPEN_SETTINGS
Show settings settings to show settings,OPEN_SETTINGS
Show settings to show settings.,OPEN_SETTINGS
Show settings to show settings .,OPEN_SETTINGS
Show settings settings to show settings.,OPEN_SETTINGS
access settings,OPEN_SETTINGS
Access settings are set to access access settings.,OPEN_SETTINGS
Access settings are set to access access settings .,OPEN_SETTINGS
Access settings are set to access the access settings.,OPEN_SETTINGS
Access settings are set to access the access settings of the user.,OPEN_SETTINGS
Access settings can be set to allow access to access settings .,OPEN_SETTINGS
settings please,OPEN_SETTINGS
Please set your settings please.,OPEN_SETTINGS
Please set your settings please .,OPEN_SETTINGS
Please set the settings please for settings please.,OPEN_SETTINGS
Please set the settings please for settings please click here .,OPEN_SETTINGS
Please set your settings please :,OPEN_SETTINGS
bring up settings,OPEN_SETTINGS
Settings bring up settings to bring up settings .,OPEN_SETTINGS
Setups bring up settings to bring up settings .,OPEN_SETTINGS
Setups bring up settings bring up settings .,OPEN_SETTINGS
Settings bring up settings to bring up settings,OPEN_SETTINGS
Setups bring up settings to bring up settings.,OPEN_SETTINGS
check settings,OPEN_SETTINGS
Check settings to check settings.,OPEN_SETTINGS
Check settings settings to check settings,OPEN_SETTINGS
Check settings settings to check settings.,OPEN_SETTINGS
Check settings for settings.,OPEN_SETTINGS
Check settings for settings .,OPEN_SETTINGS
load settings,OPEN_SETTINGS
Load settings load settings,OPEN_SETTINGS
Load settings load settings load settings,OPEN_SETTINGS
The load settings load settings load settings,OPEN_SETTINGS
Load settings load load settings,OPEN_SETTINGS
The load settings load settings load settings load settings,OPEN_SETTINGS
system settings,OPEN_SETTINGS
System settings system settings system settings system settings system settings system settings system settings system settings system settings system settings system settings system settings system settings system settings system settings system settings system settings system settings system settings system settings system settings system settings system settings system settings system settings system settings system settings system settings system settings system settings system settings system settings system settings system settings system settings system settings system settings system settings system settings system settings system settings system settings system settings system,OPEN_SETTINGS
System settings system settings system settings system settings system settings system settings system settings system settings system settings system settings system settings system settings system settings system settings system settings system settings system settings system settings system settings system settings system settings system settings system settings system settings system settings system settings system settings system settings system settings system settings system settings system settings system settings system settings system settings system settings system settings system settings system settings system settings system settings system settings system settings system settings system,OPEN_SETTINGS
System settings system settings system settings system settings system settings system settings system settings system settings system settings system settings system settings system settings system settings system settings system settings system settings system settings system settings system settings system settings system settings system settings system settings system settings system settings system settings system settings system settings system settings system settings system settings system settings system settings system settings system settings system settings system settings system settings system settings system settings system settings system settings system settings system settings system settings system,OPEN_SETTINGS
System settings system settings system settings system settings system settings system settings system settings system settings system settings system settings system settings system settings system settings system settings system settings system settings system settings system settings system settings system settings system settings system settings system settings system settings system settings system settings system settings system settings system settings system settings system settings system settings system settings system settings system settings system settings system settings system settings system settings system settings system settings system settings system settings system settings system settings system settings system,OPEN_SETTINGS
System settings system settings system settings system settings system settings system settings system settings system settings system settings system settings system settings system settings system settings system settings system settings system settings system settings system settings system settings system settings system settings system settings system settings system settings system settings system settings system settings system settings system settings system settings system settings system settings system settings system settings system settings system settings system settings system settings system settings system settings system settings system settings system settings system settings system settings system settings system settings system,OPEN_SETTINGS
close browser,CLOSE_BROWSER
Close browser - Close browser - Close browser - Close browser - Close browser - Close browser - Close browser - Close browser - Close browser - Close browser - Close browser - Close browser - Close browser - Close browser - Close browser - Close browser - Close browser - Close browser - Close browser - Close browser - Close browser - Close browser - Close browser - Close browser - Close browser - Close browser - Close browser - Close browser - Close,CLOSE_BROWSER
Close browser - Close browser - Close browser - Close browser - Close browser - Close browser - Close browser - Close browser - Close browser - Close browser - Close browser - Close browser - Close browser - Close browser - Close browser - Close browser - Close browser - Close browser - Close browser - Close browser - Close browser - Close browser - Close browser - Close browser - Close browser - Close browser - Close browser - Close browser,CLOSE_BROWSER
Close browser - Close browser - Close browser - Close browser - Close browser - Close browser - Close browser - Close browser - Close browser - Close browser - Close browser - Close browser - Close browser - Close browser - Close browser - Close browser - Close browser - Close browser - Close browser - Close browser - Close browser - Close browser - Close browser - Close browser - Close browser - Close browser - Close browser,CLOSE_BROWSER
Close browser - Close browser - Close browser - Close browser - Close browser - Close browser - Close browser - Close browser - Close browser - Close browser - Close browser - Close browser - Close browser - Close browser - Close browser - Close browser - Close browser - Close browser - Close browser - Close browser - Close browser - Close browser - Close browser - Close browser - Close browser - Close browser - Close browser - Close Browser - Close,CLOSE_BROWSER
Close browser - Close browser - Close browser - Close browser - Close browser - Close browser - Close browser - Close browser - Close browser - Close browser - Close browser - Close browser - Close browser - Close browser - Close browser - Close browser - Close browser - Close browser - Close browser - Close browser - Close browser - Close browser - Close browser - Close browser - Close browser - Close browser - Close browser - Close,CLOSE_BROWSER
exit browser,CLOSE_BROWSER
Exit browser browser,CLOSE_BROWSER
Exit browser browser exit browser,CLOSE_BROWSER
Exit browser exit browser,CLOSE_BROWSER
Browser exit exit browser exit browser,CLOSE_BROWSER
Browser exit browser exit browser exit browser,CLOSE_BROWSER
shut down browser,CLOSE_BROWSER
Browser shut down browser,CLOSE_BROWSER
Browser shut down browser shut down,CLOSE_BROWSER
Browser shut down browser shuts down,CLOSE_BROWSER
Browser shut-down browser,CLOSE_BROWSER
Browser shut down browser shut down.,CLOSE_BROWSER
quit browser,CLOSE_BROWSER
Browser quit browser - quit browser - quit browser - quit browser - quit browser - quit browser - quit browser - quit browser - quit browser - quit browser - quit browser - quit browser - quit browser - quit browser - quit browser - quit browser - quit browser - quit browser - quit browser - quit browser - quit browser - quit browser - quit browser - quit browser - quit browser - quit browser - quit browser - quit browser -,CLOSE_BROWSER
Browser quit browser - quit browser - quit browser - quit browser - quit browser - quit browser - quit browser - quit browser - quit browser - quit browser - quit browser - quit browser - quit browser - quit browser - quit browser - quit browser - quit browser - quit browser - quit browser - quit browser - quit browser - quit browser - quit browser - quit browser - quit browser - quit browser - quit browser - quit - quit,CLOSE_BROWSER
Browser quit browser - quit browser - quit browser - quit browser - quit browser - quit browser - quit browser - quit browser - quit browser - quit browser - quit browser - quit browser - quit browser - quit browser - quit browser - quit browser - quit browser - quit browser - quit browser - quit browser - quit browser - quit browser - quit browser - quit browser - quit browser - quit browser - quit browser - stop browser -,CLOSE_BROWSER
Browser quit browser - quit browser - quit browser - quit browser - quit browser - quit browser - quit browser - quit browser - quit browser - quit browser - quit browser - quit browser - quit browser - quit browser - quit browser - quit browser - quit browser - quit browser - quit browser - quit browser - quit browser - quit browser - quit browser - quit browser - quit browser - quit - quit browser - quit browser - quit,CLOSE_BROWSER
Browser quit browser - quit browser - quit browser - quit browser - quit browser - quit browser - quit browser - quit browser - quit browser - quit browser - quit browser - quit browser - quit browser - quit browser - quit browser - quit browser - quit browser - quit browser - quit browser - quit browser - quit browser - quit browser - quit browser - quit browser - quit browser - quit browser - quit browser - quit browser,CLOSE_BROWSER
close everything,CLOSE_BROWSER
Everything is close to everything close to everything close to everything close to everything close to everything close to everything close to everything close to everything close to everything close to everything close to everything close to everything close to everything close to everything close to everything close to everything close to everything close to everything close to everything close to everything close to everything close to everything close to everything close to everything close to everything close to everything close to everything close to everything close to everything close to everything close to everything close to everything close to everything close to everything close to everything close to everything close to everything,CLOSE_BROWSER
Everything is close to everything close to everything close to everything close to everything close to everything close to everything close to everything close to everything close to everything close to everything close to everything close to everything close to everything close to everything close to everything close to everything close to everything close to everything close to everything close to everything close to everything close to everything close to everything close to everything close to everything close to everything close to everything close to everything close to everything close to everything close to everything close to everything close to everything close to everything close to everything close to everything close everything close,CLOSE_BROWSER
Everything is close to everything close to everything close to everything close to everything close to everything close to everything close to everything close to everything close to everything close to everything close to everything close to everything close to everything close to everything close to everything close to everything close to everything close to everything close to everything close to everything close to everything close to everything close to everything close to everything close to everything close to everything close to everything close to everything close to everything close to everything close to everything close to everything close to everything close to everything close close to everything close to everything close to,CLOSE_BROWSER
Everything is close to everything close to everything close to everything close to everything close to everything close to everything close to everything close to everything close to everything close to everything close to everything close to everything close to everything close to everything close to everything close to everything close to everything close to everything close to everything close to everything close to everything close to everything close to everything close to everything close to everything close to everything close to everything close to everything close to everything close to everything close to everything close to everything close to everything close to everything close to everything close to everything close .,CLOSE_BROWSER
Everything is close to everything close to everything close to everything close to everything close to everything close to everything close to everything close to everything close to everything close to everything close to everything close to everything close to everything close to everything close to everything close to everything close to everything close to everything close to everything close to everything close to everything close to everything close to everything close to everything close to everything close to everything close to everything close to everything close to everything close to everything close to everything close to everything close to everything close to everything close to everything close to everything close to everyone,CLOSE_BROWSER
shut browser,CLOSE_BROWSER
Close browser browser to close browser,CLOSE_BROWSER
Close browser browser to shut browser,CLOSE_BROWSER
Close browser browser,CLOSE_BROWSER
Close browser browser to close .,CLOSE_BROWSER
Close browser browser to close browser.,CLOSE_BROWSER
stop browser,CLOSE_BROWSER
Browser stop browser,CLOSE_BROWSER
Browser stop Browser stop,CLOSE_BROWSER
Browser stop Browser stop browser,CLOSE_BROWSER
Browser stop Browser stop browser stop,CLOSE_BROWSER
Browser stop browser browser,CLOSE_BROWSER
leave browser,CLOSE_BROWSER
Leave browser to leave browser,CLOSE_BROWSER
Leave browser browser,CLOSE_BROWSER
Leave browser to leave leave browser,CLOSE_BROWSER
Leave browser to leave .,CLOSE_BROWSER
Leave browser to leave the browser,CLOSE_BROWSER
kill browser,CLOSE_BROWSER
Kill browser kill kill browser kill browser kill browser kill browser kill browser kill browser kill browser kill browser kill browser kill browser kill browser kill browser kill browser kill browser kill browser kill browser kill browser kill browser kill browser kill browser kill browser kill browser kill browser kill browser kill browser kill browser kill browser kill browser kill browser kill browser kill browser kill browser kill browser kill browser kill browser kill browser kill browser kill browser kill browser kill browser kill browser kill browser kill browser kill browser kill browser kill browser kill browser kill browser kill,CLOSE_BROWSER
Kill browser kill kill browser kill browser kill browser kill browser kill browser kill browser kill browser kill browser kill browser kill browser kill browser kill browser kill browser kill browser kill browser kill browser kill browser kill browser kill browser kill browser kill browser kill browser kill browser kill browser kill browser kill browser kill browser kill browser kill browser kill browser kill browser kill browser kill browser kill browser kill browser kill browser kill browser kill browser kill browser kill browser kill browser kill browser kill browser kill browser kill browser kill browser kill browser kill browser kill browser kill,CLOSE_BROWSER
Kill browser kill kill browser kill browser kill browser kill browser kill browser kill browser kill browser kill browser kill browser kill browser kill browser kill browser kill browser kill browser kill browser kill browser kill browser kill browser kill browser kill browser kill browser kill browser kill browser kill browser kill browser kill browser kill browser kill browser kill browser kill browser kill browser kill browser kill browser kill browser kill browser kill browser kill browser kill browser kill browser kill browser kill browser kill browser kill browser kill browser kill browser kill browser kill browser kill,CLOSE_BROWSER
Kill browser kill kill browser kill browser kill browser kill browser kill browser kill browser kill browser kill browser kill browser kill browser kill browser kill browser kill browser kill browser kill browser kill browser kill browser kill browser kill browser kill browser kill browser kill browser kill browser kill browser kill browser kill browser kill browser kill browser kill browser kill browser kill browser kill browser kill browser kill browser kill browser kill browser kill browser kill browser kill browser kill browser kill browser kill browser kill browser kill browser kill browser kill browser kill,CLOSE_BROWSER
Kill browser kill kill browser kill browser kill browser kill browser kill browser kill browser kill browser kill browser kill browser kill browser kill browser kill browser kill browser kill browser kill browser kill browser kill browser kill browser kill browser kill browser kill browser kill browser kill browser kill browser kill browser kill browser kill browser kill browser kill browser kill browser kill browser kill browser kill browser kill browser kill browser kill browser kill browser kill browser kill browser kill browser kill browser kill browser kill browser kill browser kill browser kill,CLOSE_BROWSER
exit application,CLOSE_BROWSER
Exit application exit application,CLOSE_BROWSER
Exit application for exit application,CLOSE_BROWSER
Exit application exit application exit application,CLOSE_BROWSER
Exit application exit application exit application exit application,CLOSE_BROWSER
Exit application for exit application .,CLOSE_BROWSER
